,사고번호,사고일시,요일,시군구,사고내용,사망자수,중상자수,경상자수,부상신고자수,사고유형,법규위반,노면상태,기상상태,도로형태,가해운전자 차종,가해운전자 성별,가해운전자 연령,가해운전자 상해정도,피해운전자 차종,피해운전자 성별,피해운전자 연령,피해운전자 상해정도
552,2021050200100336,2021년 5월 2일 17시,일요일,경상북도 상주시 내서면,중상사고,0,1,0,0,차대사람 - 차도통행중,안전운전불이행,포장 - 건조,맑음,단일로 - 기타,승용,여,50세,상해없음,보행자,남,53세,중상
553,2021050200100410,2021년 5월 2일 20시,일요일,경상북도 김천시 부곡동,경상사고,0,0,1,0,차대사람 - 길가장자리구역통행중,안전운전불이행,포장 - 건조,맑음,교차로 - 교차로부근,승용,남,58세,상해없음,보행자,여,71세,경상
554,2021050200100452,2021년 5월 2일 22시,일요일,경상북도 포항시 남구 동촌동,사망사고,1,0,0,0,차대사람 - 기타,안전운전불이행,포장 - 건조,맑음,단일로 - 기타,승용,여,36세,상해없음,보행자,남,57세,사망
555,2021050300100064,2021년 5월 3일 07시,월요일,경상북도 경산시 압량읍,경상사고,0,0,1,0,차대사람 - 기타,안전운전불이행,포장 - 건조,맑음,단일로 - 기타,승용,여,34세,상해없음,보행자,남,23세,경상
556,2021050300100172,2021년 5월 3일 10시,월요일,경상북도 경주시 황오동,중상사고,0,1,0,0,차대사람 - 차도통행중,안전운전불이행,포장 - 건조,맑음,단일로 - 지하차도(도로)내,특수,남,52세,상해없음,보행자,여,86세,중상
557,2021050300100340,2021년 5월 3일 14시,월요일,경상북도 포항시 남구 상도동,경상사고,0,0,1,0,차대사람 - 차도통행중,안전운전불이행,포장 - 건조,맑음,교차로 - 교차로안,승용,여,56세,상해없음,보행자,여,30세,경상
558,2021050300100378,2021년 5월 3일 15시,월요일,경상북도 구미시 형곡동,경상사고,0,0,1,0,차대사람 - 기타,안전운전불이행,포장 - 건조,맑음,기타 - 기타,개인형이동수단(PM),남,13세,기타불명,보행자,여,76세,경상
559,2021050300100379,2021년 5월 3일 15시,월요일,경상북도 포항시 남구 해도동,경상사고,0,0,2,0,차대사람 - 길가장자리구역통행중,안전운전불이행,포장 - 건조,맑음,단일로 - 기타,승용,남,58세,상해없음,보행자,여,10세,경상
560,2021050300100418,2021년 5월 3일 16시,월요일,경상북도 상주시 낙동면,경상사고,0,0,1,0,차대사람 - 기타,안전운전불이행,포장 - 건조,맑음,교차로 - 교차로안,승용,여,23세,상해없음,보행자,여,85세,경상
561,2021050300100464,2021년 5월 3일 17시,월요일,경상북도 포항시 북구 두호동,경상사고,0,0,1,0,차대사람 - 횡단중,안전운전불이행,포장 - 건조,맑음,단일로 - 기타,승용,남,33세,상해없음,보행자,남,9세,경상
562,2021050300100517,2021년 5월 3일 18시,월요일,경상북도 포항시 북구 죽도동,경상사고,0,0,1,0,차대사람 - 길가장자리구역통행중,안전운전불이행,포장 - 건조,맑음,교차로 - 교차로부근,승용,남,35세,상해없음,보행자,남,15세,경상
563,2021050400100226,2021년 5월 4일 13시,화요일,경상북도 포항시 북구 우현동,경상사고,0,0,1,0,차대사람 - 횡단중,안전운전불이행,포장 - 건조,맑음,단일로 - 기타,화물,남,55세,상해없음,보행자,남,15세,경상
564,2021050400100260,2021년 5월 4일 14시,화요일,경상북도 영주시 휴천동,중상사고,0,1,0,0,차대사람 - 횡단중,보행자보호의무위반,포장 - 건조,맑음,단일로 - 기타,승용,남,52세,상해없음,보행자,남,83세,중상
565,2021050400100346,2021년 5월 4일 16시,화요일,경상북도 포항시 남구 이동,경상사고,0,0,1,0,차대사람 - 횡단중,기타,포장 - 젖음/습기,비,단일로 - 지하차도(도로)내,승용,여,58세,상해없음,보행자,여,11세,경상
566,2021050400100496,2021년 5월 4일 19시,화요일,경상북도 고령군 대가야읍,중상사고,0,1,0,0,차대사람 - 길가장자리구역통행중,안전운전불이행,포장 - 젖음/습기,비,단일로 - 기타,승용,남,65세,상해없음,보행자,여,49세,중상
567,2021050400100497,2021년 5월 4일 19시,화요일,경상북도 구미시 옥계동,중상사고,0,1,0,0,차대사람 - 횡단중,보행자보호의무위반,포장 - 젖음/습기,비,교차로 - 교차로횡단보도내,승용,여,30세,상해없음,보행자,남,49세,중상
568,2021050400100555,2021년 5월 4일 20시,화요일,경상북도 경산시 중산동,중상사고,0,1,0,0,차대사람 - 횡단중,보행자보호의무위반,포장 - 젖음/습기,비,단일로 - 기타,승용,여,61세,상해없음,보행자,남,55세,중상
569,2021050400100556,2021년 5월 4일 20시,화요일,경상북도 포항시 남구 오천읍,경상사고,0,0,1,0,차대사람 - 횡단중,안전운전불이행,포장 - 젖음/습기,비,교차로 - 교차로안,승용,여,26세,상해없음,보행자,여,59세,경상
570,2021050400100702,2021년 5월 4일 23시,화요일,경상북도 포항시 남구 상도동,중상사고,0,1,0,0,차대사람 - 횡단중,신호위반,포장 - 젖음/습기,비,기타 - 기타,이륜,남,20세,상해없음,보행자,남,60세,중상
571,2021050500100196,2021년 5월 5일 12시,수요일,경상북도 구미시 공단동,부상신고사고,0,0,0,1,차대사람 - 횡단중,안전운전불이행,포장 - 건조,맑음,교차로 - 교차로부근,화물,남,50세,상해없음,보행자,여,68세,부상신고
572,2021050500100324,2021년 5월 5일 15시,수요일,경상북도 칠곡군 석적읍,경상사고,0,0,1,0,차대사람 - 기타,안전운전불이행,포장 - 건조,맑음,단일로 - 기타,자전거,여,24세,상해없음,보행자,남,25세,경상
573,2021050500100413,2021년 5월 5일 17시,수요일,경상북도 경산시 옥산동,경상사고,0,0,1,0,차대사람 - 횡단중,안전운전불이행,포장 - 건조,맑음,단일로 - 기타,승용,여,62세,상해없음,보행자,남,5세,경상
574,2021050500100557,2021년 5월 5일 22시,수요일,경상북도 안동시 법흥동,중상사고,0,1,0,0,차대사람 - 횡단중,보행자보호의무위반,포장 - 건조,맑음,교차로 - 교차로안,승용,남,26세,상해없음,보행자,남,76세,중상
575,2021050500100558,2021년 5월 5일 22시,수요일,경상북도 경산시 계양동,중상사고,0,1,0,0,차대사람 - 횡단중,안전운전불이행,포장 - 건조,맑음,단일로 - 기타,승용,남,58세,상해없음,보행자,남,35세,중상
576,2021050600100036,2021년 5월 6일 06시,목요일,경상북도 경산시 백천동,사망사고,1,0,0,0,차대사람 - 횡단중,안전운전불이행,포장 - 건조,맑음,단일로 - 기타,화물,남,46세,상해없음,보행자,여,77세,사망
577,2021050600100429,2021년 5월 6일 18시,목요일,경상북도 포항시 남구 해도동,경상사고,0,0,1,0,차대사람 - 기타,안전운전불이행,포장 - 건조,맑음,교차로 - 교차로부근,승용,여,46세,상해없음,보행자,남,11세,경상
578,2021050700100059,2021년 5월 7일 07시,금요일,경상북도 의성군 의성읍,경상사고,0,0,1,0,차대사람 - 횡단중,보행자보호의무위반,포장 - 건조,맑음,교차로 - 교차로횡단보도내,화물,남,74세,상해없음,보행자,남,20세,경상
579,2021050700100361,2021년 5월 7일 16시,금요일,경상북도 포항시 남구 효자동,경상사고,0,0,1,0,차대사람 - 횡단중,안전운전불이행,포장 - 건조,맑음,교차로 - 교차로안,승용,남,54세,상해없음,보행자,여,57세,경상
580,2021050700100404,2021년 5월 7일 17시,금요일,경상북도 안동시 옥동,경상사고,0,0,1,0,차대사람 - 횡단중,보행자보호의무위반,포장 - 건조,맑음,교차로 - 교차로부근,승용,남,58세,상해없음,보행자,남,16세,경상
581,2021050700100568,2021년 5월 7일 21시,금요일,경상북도 경산시 하양읍,중상사고,0,1,0,0,차대사람 - 횡단중,안전운전불이행,포장 - 건조,맑음,단일로 - 기타,승용,여,61세,상해없음,보행자,여,79세,중상
582,2021050800100138,2021년 5월 8일 10시,토요일,경상북도 고령군 대가야읍,경상사고,0,0,1,0,차대사람 - 횡단중,안전운전불이행,포장 - 건조,맑음,교차로 - 교차로안,승용,남,40세,상해없음,보행자,여,84세,경상
583,2021050800100322,2021년 5월 8일 14시,토요일,경상북도 영주시 하망동,사망사고,1,0,0,0,차대사람 - 기타,기타,포장 - 건조,맑음,단일로 - 기타,승용,남,60세,상해없음,보행자,여,70세,사망
584,2021050800100326,2021년 5월 8일 14시,토요일,경상북도 경산시 자인면,경상사고,0,0,1,0,차대사람 - 기타,안전운전불이행,포장 - 건조,맑음,단일로 - 기타,승용,남,32세,상해없음,보행자,남,66세,경상
585,2021050800100327,2021년 5월 8일 14시,토요일,경상북도 구미시 임수동,중상사고,0,1,0,0,차대사람 - 보도통행중,보행자보호의무위반,포장 - 건조,맑음,교차로 - 교차로횡단보도내,화물,남,53세,상해없음,보행자,여,43세,중상
586,2021050800100410,2021년 5월 8일 16시,토요일,경상북도 상주시 모서면,중상사고,0,1,0,0,차대사람 - 차도통행중,안전운전불이행,포장 - 건조,맑음,단일로 - 기타,화물,남,63세,상해없음,보행자,남,77세,중상
587,2021050800100448,2021년 5월 8일 17시,토요일,경상북도 문경시 흥덕동,경상사고,0,0,1,0,차대사람 - 차도통행중,안전운전불이행,포장 - 건조,맑음,기타 - 기타,승용,남,26세,상해없음,보행자,남,72세,경상
588,2021050800100530,2021년 5월 8일 19시,토요일,경상북도 영주시 휴천동,중상사고,0,1,0,0,차대사람 - 기타,안전운전불이행,포장 - 건조,맑음,교차로 - 교차로안,승용,여,60세,상해없음,보행자,남,63세,중상
589,2021050800100605,2021년 5월 8일 22시,토요일,경상북도 경주시 황남동,경상사고,0,0,1,0,차대사람 - 기타,안전운전불이행,포장 - 건조,맑음,기타 - 기타,승용,남,26세,상해없음,보행자,여,35세,경상
590,2021050900100168,2021년 5월 9일 12시,일요일,경상북도 칠곡군 왜관읍,경상사고,0,0,1,0,차대사람 - 횡단중,안전운전불이행,포장 - 건조,맑음,단일로 - 기타,승용,남,44세,상해없음,보행자,여,54세,경상
591,2021050900100389,2021년 5월 9일 18시,일요일,경상북도 안동시 태화동,경상사고,0,0,1,0,차대사람 - 횡단중,보행자보호의무위반,포장 - 건조,맑음,교차로 - 교차로횡단보도내,이륜,남,31세,상해없음,보행자,여,40세,경상
592,2021051000100089,2021년 5월 10일 08시,월요일,경상북도 칠곡군 석적읍,경상사고,0,0,1,0,차대사람 - 차도통행중,안전운전불이행,포장 - 건조,맑음,단일로 - 기타,승용,여,49세,상해없음,보행자,남,8세,경상
593,2021051000100113,2021년 5월 10일 09시,월요일,경상북도 안동시 삼산동,경상사고,0,0,1,0,차대사람 - 기타,안전운전불이행,포장 - 젖음/습기,비,단일로 - 기타,승용,여,37세,상해없음,보행자,여,57세,경상
594,2021051000100115,2021년 5월 10일 09시,월요일,경상북도 영천시 신녕면,중상사고,0,2,1,0,차대사람 - 기타,안전운전불이행,포장 - 젖음/습기,흐림,교차로 - 교차로안,화물,남,38세,경상,보행자,여,43세,중상
595,2021051000100226,2021년 5월 10일 13시,월요일,경상북도 영천시 조교동,경상사고,0,0,1,0,차대사람 - 기타,안전운전불이행,포장 - 건조,맑음,단일로 - 기타,화물,남,62세,상해없음,보행자,여,39세,경상
596,2021051000100305,2021년 5월 10일 15시,월요일,경상북도 성주군 성주읍,중상사고,0,1,0,0,차대사람 - 기타,안전운전불이행,포장 - 건조,맑음,단일로 - 기타,승용,여,31세,상해없음,보행자,남,37세,중상
597,2021051100100260,2021년 5월 11일 12시,화요일,경상북도 김천시 삼락동,부상신고사고,0,0,0,1,차대사람 - 보도통행중,안전운전불이행,포장 - 건조,맑음,기타 - 기타,개인형이동수단(PM),여,20세,상해없음,보행자,여,20세,부상신고
598,2021051100100261,2021년 5월 11일 12시,화요일,경상북도 예천군 예천읍,중상사고,0,1,0,0,차대사람 - 차도통행중,안전운전불이행,포장 - 건조,맑음,주차장 - 주차장,승용,남,52세,상해없음,보행자,여,83세,중상
599,2021051100100384,2021년 5월 11일 15시,화요일,경상북도 경산시 하양읍,경상사고,0,0,1,0,차대사람 - 길가장자리구역통행중,안전운전불이행,포장 - 건조,맑음,교차로 - 교차로부근,승용,남,45세,상해없음,보행자,남,22세,경상
600,2021051100100425,2021년 5월 11일 16시,화요일,경상북도 포항시 북구 창포동,중상사고,0,1,0,0,차대사람 - 차도통행중,안전운전불이행,포장 - 건조,맑음,단일로 - 고가도로위,승용,여,53세,상해없음,보행자,여,10세,중상
601,2021051100100426,2021년 5월 11일 16시,화요일,경상북도 구미시 진평동,경상사고,0,0,1,0,차대사람 - 기타,안전운전불이행,포장 - 건조,맑음,단일로 - 기타,승용,여,52세,상해없음,보행자,남,63세,경상
602,2021051100100466,2021년 5월 11일 17시,화요일,경상북도 안동시 남부동,경상사고,0,0,1,0,차대사람 - 기타,안전운전불이행,포장 - 건조,맑음,단일로 - 기타,승용,남,33세,상해없음,보행자,남,9세,경상
603,2021051100100467,2021년 5월 11일 17시,화요일,경상북도 경산시 하양읍,중상사고,0,1,0,0,차대사람 - 횡단중,안전운전불이행,포장 - 건조,맑음,교차로 - 교차로안,승용,남,49세,상해없음,보행자,여,78세,중상
604,2021051100100508,2021년 5월 11일 18시,화요일,경상북도 영주시 하망동,중상사고,0,1,0,0,차대사람 - 횡단중,보행자보호의무위반,포장 - 건조,맑음,교차로 - 교차로부근,승합,남,69세,상해없음,보행자,남,55세,중상
605,2021051100100545,2021년 5월 11일 19시,화요일,경상북도 경산시 정평동,경상사고,0,0,1,0,차대사람 - 횡단중,교차로운행방법위반,포장 - 건조,맑음,교차로 - 교차로안,화물,남,32세,상해없음,보행자,여,63세,경상
606,2021051100100547,2021년 5월 11일 19시,화요일,경상북도 구미시 인의동,중상사고,0,1,1,0,차대사람 - 보도통행중,안전운전불이행,포장 - 건조,맑음,교차로 - 교차로부근,승용,여,40세,상해없음,보행자,여,36세,중상
607,2021051200100007,2021년 5월 12일 00시,수요일,경상북도 포항시 남구 오천읍,부상신고사고,0,0,0,1,차대사람 - 횡단중,안전운전불이행,포장 - 건조,맑음,교차로 - 교차로안,승용,여,27세,상해없음,보행자,남,46세,부상신고
608,2021051200100086,2021년 5월 12일 08시,수요일,경상북도 청송군 파천면,중상사고,0,1,0,0,차대사람 - 기타,안전운전불이행,포장 - 건조,맑음,주차장 - 주차장,승용,남,26세,상해없음,보행자,남,74세,중상
609,2021051200100219,2021년 5월 12일 12시,수요일,경상북도 포항시 북구 장성동,중상사고,0,1,0,0,차대사람 - 차도통행중,안전운전불이행,포장 - 건조,맑음,단일로 - 기타,승용,남,83세,상해없음,보행자,여,77세,중상
610,2021051200100431,2021년 5월 12일 17시,수요일,경상북도 울진군 후포면,경상사고,0,0,1,0,차대사람 - 횡단중,안전운전불이행,포장 - 건조,맑음,단일로 - 기타,승용,여,56세,상해없음,보행자,여,7세,경상
611,2021051200100484,2021년 5월 12일 18시,수요일,경상북도 영덕군 영덕읍,경상사고,0,0,1,0,차대사람 - 길가장자리구역통행중,안전운전불이행,포장 - 건조,맑음,단일로 - 기타,승용,남,49세,상해없음,보행자,여,13세,경상
612,2021051200100597,2021년 5월 12일 22시,수요일,경상북도 포항시 남구 효자동,중상사고,0,1,0,0,차대사람 - 횡단중,과속,포장 - 건조,맑음,교차로 - 교차로부근,승용,남,25세,상해없음,보행자,남,52세,중상
613,2021051300100004,2021년 5월 13일 00시,목요일,경상북도 포항시 남구 해도동,경상사고,0,0,1,0,차대사람 - 길가장자리구역통행중,안전운전불이행,포장 - 건조,맑음,주차장 - 주차장,승용,여,39세,상해없음,보행자,남,18세,경상
614,2021051300100105,2021년 5월 13일 08시,목요일,경상북도 고령군 대가야읍,사망사고,1,0,0,0,차대사람 - 횡단중,안전운전불이행,포장 - 건조,맑음,단일로 - 기타,승용,여,63세,상해없음,보행자,남,90세,사망
615,2021051300100313,2021년 5월 13일 14시,목요일,경상북도 안동시 풍산읍,중상사고,0,1,0,0,차대사람 - 차도통행중,안전운전불이행,포장 - 건조,맑음,교차로 - 교차로부근,화물,남,58세,상해없음,보행자,여,82세,중상
616,2021051300100438,2021년 5월 13일 17시,목요일,경상북도 영덕군 창수면,사망사고,1,0,0,0,차대사람 - 기타,안전운전불이행,포장 - 건조,맑음,단일로 - 기타,승용,남,30세,상해없음,보행자,여,85세,사망
617,2021051400100104,2021년 5월 14일 08시,금요일,경상북도 상주시 공성면,중상사고,0,1,0,0,차대사람 - 횡단중,안전운전불이행,포장 - 건조,맑음,교차로 - 교차로부근,승용,여,42세,상해없음,보행자,여,55세,중상
618,2021051400100248,2021년 5월 14일 12시,금요일,경상북도 상주시 계산동,중상사고,0,1,0,0,차대사람 - 보도통행중,안전운전불이행,포장 - 건조,맑음,단일로 - 기타,자전거,남,10세,상해없음,보행자,남,71세,중상
619,2021051400100282,2021년 5월 14일 13시,금요일,경상북도 구미시 송정동,경상사고,0,0,1,0,차대사람 - 횡단중,안전운전불이행,포장 - 건조,맑음,교차로 - 교차로안,승용,남,24세,상해없음,보행자,여,69세,경상
620,2021051400100427,2021년 5월 14일 16시,금요일,경상북도 포항시 북구 창포동,중상사고,0,1,0,0,차대사람 - 횡단중,안전운전불이행,포장 - 건조,맑음,교차로 - 교차로부근,이륜,남,61세,상해없음,보행자,여,61세,중상
621,2021051400100429,2021년 5월 14일 16시,금요일,경상북도 문경시 가은읍,중상사고,0,1,0,0,차대사람 - 기타,안전운전불이행,포장 - 건조,맑음,기타 - 기타,승용,남,61세,상해없음,보행자,여,89세,중상
622,2021051400100487,2021년 5월 14일 17시,금요일,경상북도 경주시 안강읍,중상사고,0,1,0,0,차대사람 - 횡단중,보행자보호의무위반,포장 - 건조,맑음,교차로 - 교차로횡단보도내,승용,남,66세,상해없음,보행자,여,71세,중상
623,2021051400100488,2021년 5월 14일 17시,금요일,경상북도 김천시 신음동,경상사고,0,0,1,0,차대사람 - 기타,보행자보호의무위반,포장 - 건조,흐림,교차로 - 교차로부근,승용,여,43세,상해없음,보행자,남,20세,경상
624,2021051400100489,2021년 5월 14일 17시,금요일,경상북도 김천시 평화동,경상사고,0,0,1,0,차대사람 - 길가장자리구역통행중,안전운전불이행,포장 - 건조,맑음,단일로 - 기타,승용,여,24세,상해없음,보행자,남,60세,경상
625,2021051400100663,2021년 5월 14일 21시,금요일,경상북도 경주시 천북면,경상사고,0,0,1,0,차대사람 - 차도통행중,안전운전불이행,포장 - 건조,맑음,단일로 - 교량,승용,남,35세,상해없음,보행자,남,52세,경상
626,2021051500100091,2021년 5월 15일 08시,토요일,경상북도 영주시 하망동,경상사고,0,0,1,0,차대사람 - 기타,안전운전불이행,포장 - 젖음/습기,비,교차로 - 교차로부근,승용,남,71세,상해없음,보행자,남,81세,경상
627,2021051500100112,2021년 5월 15일 09시,토요일,경상북도 경산시 와촌면,경상사고,0,0,1,0,차대사람 - 차도통행중,안전운전불이행,포장 - 건조,맑음,단일로 - 기타,승용,남,65세,상해없음,보행자,남,87세,경상
628,2021051500100404,2021년 5월 15일 17시,토요일,경상북도 경산시 대동,경상사고,0,0,1,0,차대사람 - 길가장자리구역통행중,안전운전불이행,포장 - 건조,맑음,단일로 - 기타,승용,남,24세,상해없음,보행자,남,34세,경상
629,2021051500100593,2021년 5월 15일 22시,토요일,경상북도 영주시 가흥동,경상사고,0,0,1,0,차대사람 - 기타,안전운전불이행,포장 - 젖음/습기,비,단일로 - 기타,승용,여,58세,기타불명,보행자,남,26세,경상
630,2021051600100007,2021년 5월 16일 00시,일요일,경상북도 구미시 원평동,중상사고,0,1,1,0,차대사람 - 횡단중,안전운전불이행,포장 - 건조,맑음,단일로 - 기타,원동기,남,17세,경상,보행자,남,20세,중상
631,2021051600100410,2021년 5월 16일 21시,일요일,경상북도 구미시 인의동,경상사고,0,0,1,0,차대사람 - 횡단중,보행자보호의무위반,포장 - 젖음/습기,흐림,단일로 - 기타,이륜,남,30세,상해없음,보행자,여,41세,경상
632,2021051700100093,2021년 5월 17일 08시,월요일,경상북도 구미시 고아읍,중상사고,0,1,0,0,차대사람 - 기타,안전운전불이행,포장 - 기타,기타,미분류 - 미분류,승합,기타불명,미분류,기타불명,보행자,남,73세,중상
633,2021051700100256,2021년 5월 17일 14시,월요일,경상북도 포항시 북구 항구동,중상사고,0,1,0,0,차대사람 - 횡단중,안전운전불이행,포장 - 건조,맑음,단일로 - 기타,승용,남,28세,상해없음,보행자,여,54세,중상
634,2021051700100359,2021년 5월 17일 17시,월요일,경상북도 안동시 풍산읍,경상사고,0,0,1,0,차대사람 - 횡단중,보행자보호의무위반,포장 - 젖음/습기,비,교차로 - 교차로횡단보도내,승용,여,41세,상해없음,보행자,여,13세,경상
635,2021051700100360,2021년 5월 17일 17시,월요일,경상북도 칠곡군 왜관읍,경상사고,0,0,1,0,차대사람 - 보도통행중,보행자보호의무위반,포장 - 젖음/습기,비,교차로 - 교차로횡단보도내,화물,남,61세,상해없음,보행자,여,45세,경상
636,2021051700100462,2021년 5월 17일 20시,월요일,경상북도 경산시 압량읍,경상사고,0,0,1,0,차대사람 - 기타,안전운전불이행,포장 - 젖음/습기,비,단일로 - 기타,승용,여,40세,상해없음,보행자,여,63세,경상
637,2021051800100036,2021년 5월 18일 05시,화요일,경상북도 경산시 진량읍,중상사고,0,1,0,0,차대사람 - 차도통행중,안전운전불이행,포장 - 젖음/습기,맑음,교차로 - 교차로안,승용,여,68세,상해없음,보행자,여,63세,중상
638,2021051800100192,2021년 5월 18일 12시,화요일,경상북도 경산시 계양동,경상사고,0,0,1,0,차대사람 - 기타,안전운전불이행,포장 - 건조,흐림,단일로 - 기타,승용,남,48세,상해없음,보행자,남,32세,경상
639,2021051800100267,2021년 5월 18일 14시,화요일,경상북도 김천시 모암동,중상사고,0,1,0,0,차대사람 - 횡단중,기타,포장 - 건조,맑음,교차로 - 교차로횡단보도내,승용,여,64세,상해없음,보행자,남,8세,중상
640,2021051900100019,2021년 5월 19일 01시,수요일,경상북도 구미시 봉곡동,경상사고,0,0,1,0,차대사람 - 기타,안전운전불이행,포장 - 건조,맑음,교차로 - 교차로부근,승용,남,28세,상해없음,보행자,남,49세,경상
641,2021051900100088,2021년 5월 19일 08시,수요일,경상북도 영천시 야사동,중상사고,0,1,0,0,차대사람 - 횡단중,안전운전불이행,포장 - 건조,맑음,단일로 - 기타,승용,남,32세,상해없음,보행자,남,74세,중상
642,2021051900100089,2021년 5월 19일 08시,수요일,경상북도 울릉군 울릉읍,중상사고,0,1,0,0,차대사람 - 기타,안전운전불이행,포장 - 건조,맑음,단일로 - 기타,승용,남,34세,상해없음,보행자,남,70세,중상
643,2021051900100139,2021년 5월 19일 10시,수요일,경상북도 김천시 부곡동,경상사고,0,0,1,0,차대사람 - 횡단중,기타,포장 - 건조,맑음,기타 - 기타,승합,남,60세,상해없음,보행자,여,60세,경상
644,2021051900100251,2021년 5월 19일 13시,수요일,경상북도 포항시 남구 구룡포읍,경상사고,0,0,1,0,차대사람 - 횡단중,안전운전불이행,포장 - 건조,맑음,단일로 - 기타,이륜,남,34세,상해없음,보행자,여,58세,경상
645,2021051900100288,2021년 5월 19일 14시,수요일,경상북도 칠곡군 동명면,중상사고,0,1,0,0,차대사람 - 횡단중,안전운전불이행,포장 - 건조,맑음,단일로 - 기타,승용,남,81세,상해없음,보행자,남,68세,중상
646,2021051900100289,2021년 5월 19일 14시,수요일,경상북도 구미시 지산동,중상사고,0,1,0,0,차대사람 - 기타,안전운전불이행,포장 - 건조,맑음,단일로 - 기타,승용,여,53세,상해없음,보행자,남,4세,중상
647,2021051900100460,2021년 5월 19일 19시,수요일,경상북도 포항시 북구 죽도동,중상사고,0,1,0,0,차대사람 - 기타,안전운전불이행,포장 - 건조,맑음,단일로 - 기타,이륜,남,31세,중상,보행자,남,65세,상해없음
648,2021051900100461,2021년 5월 19일 19시,수요일,경상북도 경산시 자인면,중상사고,0,1,1,0,차대사람 - 횡단중,안전운전불이행,포장 - 건조,맑음,교차로 - 교차로안,승용,남,74세,기타불명,보행자,여,70세,중상
649,2021052000100129,2021년 5월 20일 10시,목요일,경상북도 안동시 풍산읍,중상사고,0,1,0,0,차대사람 - 기타,안전운전불이행,포장 - 건조,맑음,단일로 - 기타,화물,남,36세,상해없음,보행자,여,87세,중상
650,2021052000100186,2021년 5월 20일 12시,목요일,경상북도 경산시 정평동,중상사고,0,1,0,0,차대사람 - 기타,안전운전불이행,포장 - 젖음/습기,비,단일로 - 기타,승용,여,48세,상해없음,보행자,여,73세,중상
651,2021052000100383,2021년 5월 20일 18시,목요일,경상북도 포항시 남구 해도동,중상사고,0,1,0,0,차대사람 - 횡단중,안전운전불이행,포장 - 젖음/습기,비,단일로 - 기타,승용,여,57세,상해없음,보행자,남,55세,중상
652,2021052100100083,2021년 5월 21일 08시,금요일,경상북도 포항시 북구 죽도동,경상사고,0,0,1,0,차대사람 - 차도통행중,안전운전불이행,포장 - 건조,맑음,단일로 - 기타,승용,여,64세,상해없음,보행자,남,65세,경상
653,2021052100100165,2021년 5월 21일 11시,금요일,경상북도 포항시 북구 죽도동,중상사고,0,1,0,0,차대사람 - 차도통행중,안전운전불이행,포장 - 건조,맑음,단일로 - 기타,승용,여,47세,상해없음,보행자,여,72세,중상
654,2021052100100229,2021년 5월 21일 13시,금요일,경상북도 예천군 예천읍,중상사고,0,1,0,0,차대사람 - 횡단중,안전운전불이행,포장 - 건조,맑음,교차로 - 교차로안,승용,여,35세,상해없음,보행자,여,71세,중상
655,2021052100100271,2021년 5월 21일 14시,금요일,경상북도 포항시 북구 용흥동,중상사고,0,1,0,0,차대사람 - 횡단중,보행자보호의무위반,포장 - 건조,맑음,단일로 - 기타,승용,여,65세,상해없음,보행자,남,74세,중상
656,2021052100100273,2021년 5월 21일 14시,금요일,경상북도 경산시 하양읍,중상사고,0,1,0,0,차대사람 - 횡단중,안전운전불이행,포장 - 건조,맑음,단일로 - 기타,승합,남,48세,상해없음,보행자,남,7세,중상
657,2021052100100492,2021년 5월 21일 19시,금요일,경상북도 포항시 북구 창포동,경상사고,0,0,1,0,차대사람 - 기타,보행자보호의무위반,포장 - 건조,맑음,교차로 - 교차로부근,승용,남,50세,상해없음,보행자,여,58세,경상
658,2021052200100437,2021년 5월 22일 17시,토요일,경상북도 경주시 외동읍,경상사고,0,0,1,0,차대사람 - 차도통행중,안전운전불이행,포장 - 건조,맑음,단일로 - 기타,원동기,남,21세,상해없음,보행자,남,18세,경상
659,2021052200100537,2021년 5월 22일 20시,토요일,경상북도 경주시 노동동,경상사고,0,0,1,0,차대사람 - 기타,안전운전불이행,포장 - 건조,맑음,단일로 - 기타,승용,남,34세,상해없음,보행자,여,24세,경상
660,2021052300100007,2021년 5월 23일 00시,일요일,경상북도 경산시 옥산동,사망사고,1,0,0,0,차대사람 - 횡단중,과속,포장 - 건조,맑음,단일로 - 기타,승용,여,29세,상해없음,보행자,남,21세,사망
661,2021052300100035,2021년 5월 23일 06시,일요일,경상북도 경산시 진량읍,중상사고,0,1,0,0,차대사람 - 횡단중,보행자보호의무위반,포장 - 건조,맑음,단일로 - 기타,화물,여,52세,상해없음,보행자,여,66세,중상