,사고번호,사고일시,요일,시군구,사고내용,사망자수,중상자수,경상자수,부상신고자수,사고유형,법규위반,노면상태,기상상태,도로형태,가해운전자 차종,가해운전자 성별,가해운전자 연령,가해운전자 상해정도,피해운전자 차종,피해운전자 성별,피해운전자 연령,피해운전자 상해정도
773,2021061400100515,2021년 6월 14일 19시,월요일,경상북도 경주시 안강읍,중상사고,0,1,0,0,차대사람 - 기타,안전운전불이행,포장 - 건조,맑음,단일로 - 기타,화물,여,61세,상해없음,보행자,여,64세,중상
774,2021061500100290,2021년 6월 15일 14시,화요일,경상북도 안동시 서부동,경상사고,0,0,1,0,차대사람 - 보도통행중,보행자보호의무위반,포장 - 젖음/습기,흐림,교차로 - 교차로부근,화물,남,67세,상해없음,보행자,남,61세,경상
775,2021061500100359,2021년 6월 15일 16시,화요일,경상북도 김천시 조마면,중상사고,0,1,0,0,차대사람 - 차도통행중,기타,포장 - 건조,맑음,교차로 - 교차로안,승합,남,66세,상해없음,보행자,여,74세,중상
776,2021061500100543,2021년 6월 15일 21시,화요일,경상북도 구미시 옥계동,경상사고,0,0,1,0,차대사람 - 기타,안전운전불이행,포장 - 젖음/습기,비,단일로 - 기타,승용,남,29세,상해없음,보행자,남,54세,경상
777,2021061600100110,2021년 6월 16일 08시,수요일,경상북도 영천시 오수동,중상사고,0,1,0,0,차대사람 - 횡단중,안전운전불이행,포장 - 건조,흐림,단일로 - 기타,승용,남,38세,상해없음,보행자,남,63세,중상
778,2021061600100171,2021년 6월 16일 10시,수요일,경상북도 포항시 남구 오천읍,경상사고,0,0,1,0,차대사람 - 횡단중,보행자보호의무위반,포장 - 건조,맑음,교차로 - 교차로횡단보도내,승용,여,44세,상해없음,보행자,남,14세,경상
779,2021061600100343,2021년 6월 16일 15시,수요일,경상북도 포항시 남구 상도동,중상사고,0,1,0,0,차대사람 - 차도통행중,안전운전불이행,포장 - 건조,맑음,교차로 - 교차로안,화물,남,40세,상해없음,보행자,남,7세,중상
780,2021061600100383,2021년 6월 16일 16시,수요일,경상북도 상주시 무양동,중상사고,0,1,0,0,차대사람 - 차도통행중,안전운전불이행,포장 - 건조,맑음,단일로 - 기타,승용,여,66세,상해없음,보행자,여,11세,중상
781,2021061600100418,2021년 6월 16일 17시,수요일,경상북도 김천시 삼락동,중상사고,0,1,0,0,차대사람 - 기타,안전운전불이행,포장 - 건조,맑음,주차장 - 주차장,승용,여,49세,상해없음,보행자,남,41세,중상
782,2021061600100420,2021년 6월 16일 17시,수요일,경상북도 영천시 완산동,중상사고,0,1,0,0,차대사람 - 길가장자리구역통행중,안전운전불이행,포장 - 건조,맑음,단일로 - 기타,승용,여,57세,상해없음,보행자,남,50세,중상
783,2021061600100422,2021년 6월 16일 17시,수요일,경상북도 고령군 운수면,경상사고,0,0,1,0,차대사람 - 기타,안전운전불이행,포장 - 건조,맑음,단일로 - 기타,승용,남,68세,상해없음,보행자,남,39세,경상
784,2021061600100481,2021년 6월 16일 18시,수요일,경상북도 영주시 휴천동,중상사고,0,1,0,0,차대사람 - 기타,안전운전불이행,포장 - 건조,맑음,단일로 - 기타,자전거,여,63세,기타불명,보행자,여,87세,중상
785,2021061600100482,2021년 6월 16일 18시,수요일,경상북도 칠곡군 북삼읍,경상사고,0,0,1,0,차대사람 - 기타,안전운전불이행,포장 - 건조,흐림,기타 - 기타,승용,여,52세,상해없음,보행자,남,57세,경상
786,2021061600100544,2021년 6월 16일 20시,수요일,경상북도 경산시 대동,경상사고,0,0,1,0,차대사람 - 기타,안전운전불이행,포장 - 건조,맑음,단일로 - 기타,승용,남,25세,상해없음,보행자,남,26세,경상
787,2021061700100100,2021년 6월 17일 08시,목요일,경상북도 구미시 형곡동,중상사고,0,1,0,0,차대사람 - 차도통행중,안전운전불이행,포장 - 건조,맑음,단일로 - 기타,화물,남,42세,상해없음,보행자,여,83세,중상
788,2021061700100101,2021년 6월 17일 08시,목요일,경상북도 구미시 옥계동,경상사고,0,0,1,0,차대사람 - 보도통행중,보행자보호의무위반,포장 - 건조,맑음,교차로 - 교차로횡단보도내,승용,여,40세,상해없음,보행자,여,14세,경상
789,2021061700100133,2021년 6월 17일 09시,목요일,경상북도 구미시 사곡동,경상사고,0,0,1,0,차대사람 - 기타,안전운전불이행,포장 - 건조,맑음,단일로 - 기타,승용,여,52세,상해없음,보행자,여,27세,경상
790,2021061700100224,2021년 6월 17일 12시,목요일,경상북도 문경시 흥덕동,경상사고,0,0,1,0,차대사람 - 기타,안전운전불이행,포장 - 건조,맑음,단일로 - 기타,자전거,여,76세,상해없음,보행자,여,81세,경상
791,2021061700100359,2021년 6월 17일 16시,목요일,경상북도 구미시 인의동,경상사고,0,0,1,0,차대사람 - 기타,안전운전불이행,포장 - 건조,맑음,단일로 - 기타,승용,남,68세,상해없음,보행자,여,12세,경상
792,2021061700100548,2021년 6월 17일 22시,목요일,경상북도 포항시 북구 득량동,중상사고,0,1,0,0,차대사람 - 차도통행중,안전운전불이행,포장 - 건조,맑음,단일로 - 기타,승용,여,67세,상해없음,보행자,남,58세,중상
793,2021061700100550,2021년 6월 17일 22시,목요일,경상북도 영천시 완산동,경상사고,0,0,1,0,차대사람 - 횡단중,안전운전불이행,포장 - 건조,맑음,교차로 - 교차로안,승용,여,47세,상해없음,보행자,남,51세,경상
794,2021061700100551,2021년 6월 17일 22시,목요일,경상북도 구미시 공단동,중상사고,0,1,1,0,차대사람 - 횡단중,보행자보호의무위반,포장 - 건조,맑음,교차로 - 교차로횡단보도내,승용,여,54세,상해없음,보행자,남,23세,중상
795,2021061700100572,2021년 6월 17일 23시,목요일,경상북도 포항시 북구 장성동,경상사고,0,0,1,0,차대사람 - 기타,중앙선침범,포장 - 건조,맑음,단일로 - 기타,승합,여,56세,상해없음,보행자,남,57세,경상
796,2021061800100203,2021년 6월 18일 12시,금요일,경상북도 영천시 금호읍,경상사고,0,0,1,0,차대사람 - 보도통행중,보행자보호의무위반,포장 - 건조,맑음,교차로 - 교차로안,승용,남,41세,상해없음,보행자,여,76세,경상
797,2021061800100294,2021년 6월 18일 15시,금요일,경상북도 포항시 북구 신광면,중상사고,0,1,0,0,차대사람 - 기타,안전운전불이행,포장 - 건조,맑음,단일로 - 기타,승용,남,68세,상해없음,보행자,여,48세,중상
798,2021061800100381,2021년 6월 18일 17시,금요일,경상북도 포항시 남구 동해면,경상사고,0,0,1,0,차대사람 - 길가장자리구역통행중,안전운전불이행,포장 - 건조,맑음,교차로 - 교차로부근,승용,남,69세,상해없음,보행자,남,18세,경상
799,2021061800100498,2021년 6월 18일 20시,금요일,경상북도 경주시 석장동,중상사고,0,1,0,0,차대사람 - 횡단중,보행자보호의무위반,포장 - 건조,맑음,교차로 - 교차로횡단보도내,승용,남,65세,상해없음,보행자,남,21세,중상
800,2021061800100500,2021년 6월 18일 20시,금요일,경상북도 구미시 형곡동,중상사고,0,1,0,0,차대사람 - 횡단중,보행자보호의무위반,포장 - 건조,맑음,단일로 - 기타,승용,남,45세,상해없음,보행자,남,68세,중상
801,2021061800100563,2021년 6월 18일 22시,금요일,경상북도 영주시 휴천동,중상사고,0,1,0,0,차대사람 - 기타,안전운전불이행,포장 - 건조,맑음,단일로 - 기타,승용,남,47세,상해없음,보행자,남,45세,중상
802,2021061800100583,2021년 6월 18일 23시,금요일,경상북도 포항시 북구 송라면,경상사고,0,0,1,0,차대사람 - 횡단중,신호위반,포장 - 건조,맑음,교차로 - 교차로안,승용,남,25세,상해없음,보행자,남,49세,경상
803,2021061800100584,2021년 6월 18일 23시,금요일,경상북도 예천군 호명면,부상신고사고,0,0,0,1,차대사람 - 횡단중,보행자보호의무위반,포장 - 건조,맑음,단일로 - 기타,승용,남,26세,상해없음,보행자,남,48세,부상신고
804,2021061900100278,2021년 6월 19일 13시,토요일,경상북도 안동시 서후면,경상사고,0,0,1,0,차대사람 - 길가장자리구역통행중,기타,포장 - 건조,맑음,단일로 - 기타,화물,남,66세,상해없음,보행자,여,54세,경상
805,2021061900100589,2021년 6월 19일 21시,토요일,경상북도 예천군 예천읍,중상사고,0,1,0,0,차대사람 - 차도통행중,안전운전불이행,포장 - 건조,맑음,교차로 - 교차로안,승용,남,65세,상해없음,보행자,남,60세,중상
806,2021062000100099,2021년 6월 20일 10시,일요일,경상북도 상주시 청리면,중상사고,0,1,0,0,차대사람 - 기타,안전운전불이행,포장 - 건조,맑음,교차로 - 교차로안,승용,남,62세,상해없음,보행자,남,84세,중상
807,2021062100100179,2021년 6월 21일 10시,월요일,경상북도 경산시 하양읍,중상사고,0,1,0,0,차대사람 - 기타,안전운전불이행,포장 - 건조,맑음,단일로 - 기타,자전거,남,68세,상해없음,보행자,여,65세,중상
808,2021062100100217,2021년 6월 21일 11시,월요일,경상북도 상주시 남성동,경상사고,0,0,1,0,차대사람 - 기타,안전운전불이행,포장 - 건조,맑음,교차로 - 교차로안,승용,여,52세,상해없음,보행자,여,60세,경상
809,2021062100100472,2021년 6월 21일 17시,월요일,경상북도 안동시 대석동,경상사고,0,0,1,0,차대사람 - 횡단중,보행자보호의무위반,포장 - 건조,맑음,단일로 - 기타,이륜,남,19세,상해없음,보행자,남,79세,경상
810,2021062100100593,2021년 6월 21일 20시,월요일,경상북도 경주시 성건동,중상사고,0,1,0,0,차대사람 - 횡단중,안전운전불이행,포장 - 건조,맑음,교차로 - 교차로안,이륜,남,22세,상해없음,보행자,여,78세,중상
811,2021062100100594,2021년 6월 21일 20시,월요일,경상북도 포항시 북구 죽도동,중상사고,0,1,1,0,차대사람 - 기타,안전운전불이행,포장 - 건조,맑음,기타 - 기타,승용,남,57세,상해없음,보행자,여,47세,중상
812,2021062200100039,2021년 6월 22일 06시,화요일,경상북도 구미시 사곡동,중상사고,0,1,0,0,차대사람 - 횡단중,보행자보호의무위반,포장 - 건조,맑음,교차로 - 교차로부근,승용,남,62세,상해없음,보행자,남,49세,중상
813,2021062200100099,2021년 6월 22일 08시,화요일,경상북도 포항시 북구 장성동,경상사고,0,0,1,0,차대사람 - 횡단중,신호위반,포장 - 건조,맑음,교차로 - 교차로횡단보도내,승용,여,41세,상해없음,보행자,남,6세,경상
814,2021062200100136,2021년 6월 22일 09시,화요일,경상북도 포항시 남구 대도동,중상사고,0,1,0,0,차대사람 - 횡단중,안전운전불이행,포장 - 건조,맑음,단일로 - 기타,승용,여,39세,상해없음,보행자,여,26세,중상
815,2021062200100384,2021년 6월 22일 16시,화요일,경상북도 포항시 남구 지곡동,경상사고,0,0,1,0,차대사람 - 차도통행중,안전운전불이행,포장 - 건조,맑음,단일로 - 지하차도(도로)내,승용,남,53세,상해없음,보행자,남,13세,경상
816,2021062200100547,2021년 6월 22일 21시,화요일,경상북도 포항시 남구 연일읍,경상사고,0,0,1,0,차대사람 - 기타,보행자보호의무위반,포장 - 건조,맑음,교차로 - 교차로안,승용,남,23세,상해없음,보행자,남,42세,경상
817,2021062300100054,2021년 6월 23일 07시,수요일,경상북도 구미시 공단동,경상사고,0,0,1,0,차대사람 - 기타,안전운전불이행,포장 - 기타,기타,단일로 - 기타,승용,남,60세,상해없음,보행자,여,21세,경상
818,2021062300100134,2021년 6월 23일 10시,수요일,경상북도 안동시 수상동,중상사고,0,1,0,0,차대사람 - 기타,안전운전불이행,포장 - 건조,맑음,단일로 - 기타,승용,남,52세,상해없음,보행자,남,57세,중상
819,2021062300100197,2021년 6월 23일 12시,수요일,경상북도 포항시 북구 동빈1가,중상사고,0,1,0,0,차대사람 - 횡단중,안전운전불이행,포장 - 건조,맑음,교차로 - 교차로안,이륜,남,28세,상해없음,보행자,남,81세,중상
820,2021062300100231,2021년 6월 23일 13시,수요일,경상북도 포항시 남구 송도동,경상사고,0,0,1,0,차대사람 - 길가장자리구역통행중,안전운전불이행,포장 - 건조,맑음,단일로 - 기타,승합,남,58세,상해없음,보행자,남,68세,경상
821,2021062300100374,2021년 6월 23일 17시,수요일,경상북도 구미시 상모동,경상사고,0,0,1,0,차대사람 - 횡단중,안전운전불이행,포장 - 건조,맑음,단일로 - 기타,승용,남,42세,상해없음,보행자,여,25세,경상
822,2021062300100463,2021년 6월 23일 20시,수요일,경상북도 포항시 북구 양덕동,중상사고,0,1,0,0,차대사람 - 횡단중,안전운전불이행,포장 - 건조,맑음,교차로 - 교차로부근,승용,남,78세,상해없음,보행자,여,74세,중상
823,2021062400100151,2021년 6월 24일 09시,목요일,경상북도 포항시 남구 해도동,부상신고사고,0,0,0,1,차대사람 - 차도통행중,불법유턴,포장 - 건조,맑음,단일로 - 기타,화물,남,49세,상해없음,보행자,남,23세,부상신고
824,2021062400100500,2021년 6월 24일 18시,목요일,경상북도 문경시 흥덕동,중상사고,0,1,0,0,차대사람 - 횡단중,안전운전불이행,포장 - 건조,맑음,단일로 - 기타,승용,남,58세,상해없음,보행자,여,62세,중상
825,2021062400100600,2021년 6월 24일 21시,목요일,경상북도 예천군 예천읍,중상사고,0,1,0,0,차대사람 - 횡단중,신호위반,포장 - 건조,기타,교차로 - 교차로안,승합,남,59세,상해없음,보행자,여,63세,중상
826,2021062500100043,2021년 6월 25일 06시,금요일,경상북도 구미시 구포동,경상사고,0,0,1,0,차대사람 - 기타,기타,포장 - 건조,맑음,교차로 - 교차로부근,승용,남,64세,상해없음,보행자,여,29세,경상
827,2021062500100319,2021년 6월 25일 14시,금요일,경상북도 예천군 예천읍,중상사고,0,1,0,0,차대사람 - 차도통행중,안전운전불이행,포장 - 건조,맑음,단일로 - 기타,승용,남,35세,상해없음,보행자,여,76세,중상
828,2021062500100366,2021년 6월 25일 15시,금요일,경상북도 칠곡군 지천면,경상사고,0,0,1,0,차대사람 - 길가장자리구역통행중,안전운전불이행,포장 - 건조,맑음,교차로 - 교차로부근,농기계,남,77세,상해없음,보행자,여,79세,경상
829,2021062500100411,2021년 6월 25일 16시,금요일,경상북도 김천시 율곡동,경상사고,0,0,1,0,차대사람 - 차도통행중,안전운전불이행,포장 - 건조,맑음,단일로 - 기타,승용,여,39세,상해없음,보행자,남,3세,경상
830,2021062500100570,2021년 6월 25일 19시,금요일,경상북도 경산시 옥곡동,경상사고,0,0,1,0,차대사람 - 횡단중,보행자보호의무위반,포장 - 젖음/습기,흐림,교차로 - 교차로횡단보도내,화물,남,43세,상해없음,보행자,남,52세,경상
831,2021062600100019,2021년 6월 26일 00시,토요일,경상북도 안동시 옥동,중상사고,0,1,0,0,차대사람 - 횡단중,보행자보호의무위반,포장 - 건조,맑음,교차로 - 교차로횡단보도내,승용,남,63세,상해없음,보행자,남,43세,중상
832,2021062600100039,2021년 6월 26일 01시,토요일,경상북도 경산시 중방동,경상사고,0,0,1,0,차대사람 - 기타,보행자보호의무위반,포장 - 건조,맑음,교차로 - 교차로횡단보도내,승용,남,68세,상해없음,보행자,여,42세,경상
833,2021062600100079,2021년 6월 26일 06시,토요일,경상북도 경산시 하양읍,경상사고,0,0,1,0,차대사람 - 횡단중,안전운전불이행,포장 - 건조,맑음,교차로 - 교차로안,화물,남,65세,상해없음,보행자,남,65세,경상
834,2021062600100163,2021년 6월 26일 10시,토요일,경상북도 포항시 북구 청하면,중상사고,0,1,0,0,차대사람 - 횡단중,보행자보호의무위반,포장 - 건조,맑음,교차로 - 교차로부근,승용,남,68세,상해없음,보행자,여,84세,중상
835,2021062600100236,2021년 6월 26일 12시,토요일,경상북도 경산시 자인면,경상사고,0,0,1,0,차대사람 - 길가장자리구역통행중,안전운전불이행,포장 - 건조,맑음,단일로 - 기타,승용,남,84세,상해없음,보행자,여,82세,경상
836,2021062600100560,2021년 6월 26일 21시,토요일,경상북도 경주시 황성동,경상사고,0,0,1,0,차대사람 - 차도통행중,안전운전불이행,포장 - 건조,맑음,단일로 - 지하차도(도로)내,승용,여,43세,상해없음,보행자,남,42세,경상
837,2021062700100123,2021년 6월 27일 10시,일요일,경상북도 포항시 북구 흥해읍,중상사고,0,1,0,0,차대사람 - 길가장자리구역통행중,안전운전불이행,포장 - 건조,맑음,단일로 - 기타,승용,여,33세,상해없음,보행자,여,83세,중상
838,2021062700100125,2021년 6월 27일 10시,일요일,경상북도 포항시 남구 송도동,경상사고,0,0,1,0,차대사람 - 차도통행중,안전운전불이행,포장 - 건조,맑음,단일로 - 지하차도(도로)내,승용,남,59세,상해없음,보행자,남,10세,경상
839,2021062700100383,2021년 6월 27일 18시,일요일,경상북도 포항시 북구 양덕동,중상사고,0,1,0,0,차대사람 - 횡단중,보행자보호의무위반,포장 - 건조,맑음,교차로 - 교차로횡단보도내,승용,여,58세,상해없음,보행자,남,6세,중상
840,2021062800100108,2021년 6월 28일 08시,월요일,경상북도 구미시 인의동,경상사고,0,0,2,0,차대사람 - 기타,안전운전불이행,포장 - 건조,맑음,기타 - 기타,승합,남,40세,상해없음,보행자,남,12세,상해없음
841,2021062800100215,2021년 6월 28일 11시,월요일,경상북도 영천시 금노동,경상사고,0,0,1,0,차대사람 - 횡단중,안전운전불이행,포장 - 건조,맑음,단일로 - 기타,화물,남,64세,상해없음,보행자,여,69세,경상
842,2021062800100290,2021년 6월 28일 13시,월요일,경상북도 상주시 낙동면,사망사고,1,0,0,0,차대사람 - 길가장자리구역통행중,안전운전불이행,포장 - 건조,맑음,단일로 - 기타,화물,남,72세,상해없음,보행자,남,72세,사망
843,2021062800100585,2021년 6월 28일 20시,월요일,경상북도 안동시 운안동,중상사고,0,1,0,0,차대사람 - 기타,안전운전불이행,포장 - 건조,맑음,단일로 - 기타,승용,남,35세,상해없음,보행자,남,13세,중상
844,2021062800100653,2021년 6월 28일 23시,월요일,경상북도 영천시 문외동,경상사고,0,0,1,0,차대사람 - 횡단중,안전운전불이행,포장 - 건조,맑음,교차로 - 교차로안,승용,남,27세,상해없음,보행자,남,29세,경상
845,2021062900100225,2021년 6월 29일 12시,화요일,경상북도 영천시 완산동,중상사고,0,1,0,0,차대사람 - 횡단중,안전운전불이행,포장 - 건조,맑음,단일로 - 기타,승합,남,48세,상해없음,보행자,여,82세,중상
846,2021062900100301,2021년 6월 29일 14시,화요일,경상북도 김천시 평화동,중상사고,0,1,0,0,차대사람 - 보도통행중,보행자보호의무위반,포장 - 건조,맑음,교차로 - 교차로횡단보도내,승용,남,57세,상해없음,보행자,여,71세,중상
847,2021062900100303,2021년 6월 29일 14시,화요일,경상북도 칠곡군 왜관읍,중상사고,0,1,0,0,차대사람 - 횡단중,안전운전불이행,포장 - 건조,맑음,교차로 - 교차로횡단보도내,승용,여,67세,상해없음,보행자,여,10세,중상
848,2021062900100343,2021년 6월 29일 15시,화요일,경상북도 김천시 평화동,경상사고,0,0,1,0,차대사람 - 횡단중,보행자보호의무위반,포장 - 건조,맑음,단일로 - 기타,화물,남,67세,상해없음,보행자,여,69세,경상
849,2021063000100097,2021년 6월 30일 08시,수요일,경상북도 포항시 북구 죽도동,경상사고,0,0,1,0,차대사람 - 길가장자리구역통행중,기타,포장 - 건조,맑음,단일로 - 기타,승용,남,64세,상해없음,보행자,여,61세,경상
850,2021063000100136,2021년 6월 30일 09시,수요일,경상북도 안동시 용상동,중상사고,0,1,0,0,차대사람 - 횡단중,안전운전불이행,포장 - 건조,맑음,단일로 - 기타,승합,여,58세,상해없음,보행자,여,71세,중상
851,2021063000100316,2021년 6월 30일 14시,수요일,경상북도 문경시 점촌동,중상사고,0,1,0,0,차대사람 - 횡단중,보행자보호의무위반,포장 - 건조,흐림,교차로 - 교차로안,승용,여,39세,상해없음,보행자,여,63세,중상
852,2021063000100503,2021년 6월 30일 18시,수요일,경상북도 문경시 가은읍,중상사고,0,1,0,0,차대사람 - 횡단중,안전운전불이행,포장 - 건조,맑음,단일로 - 기타,화물,남,44세,상해없음,보행자,여,86세,중상
853,2021063000100559,2021년 6월 30일 20시,수요일,경상북도 경주시 외동읍,경상사고,0,0,1,0,차대사람 - 차도통행중,안전운전불이행,포장 - 건조,맑음,교차로 - 교차로부근,승용,남,40세,상해없음,보행자,남,31세,경상
854,2021070100100063,2021년 7월 1일 07시,목요일,경상북도 포항시 북구 우현동,중상사고,0,1,0,0,차대사람 - 기타,안전운전불이행,포장 - 건조,맑음,교차로 - 교차로안,승용,남,71세,기타불명,보행자,남,40세,중상
855,2021070100100106,2021년 7월 1일 08시,목요일,경상북도 안동시 태화동,경상사고,0,0,1,0,차대사람 - 기타,안전운전불이행,포장 - 건조,맑음,단일로 - 기타,승용,남,23세,상해없음,보행자,여,80세,경상
856,2021070100100426,2021년 7월 1일 17시,목요일,경상북도 포항시 남구 오천읍,경상사고,0,0,1,0,차대사람 - 기타,안전운전불이행,포장 - 건조,맑음,기타 - 기타,자전거,남,10세,상해없음,보행자,남,9세,경상
857,2021070100100479,2021년 7월 1일 18시,목요일,경상북도 포항시 남구 대도동,중상사고,0,1,1,0,차대사람 - 기타,안전운전불이행,포장 - 건조,맑음,기타 - 기타,자전거,남,49세,경상,보행자,여,57세,중상
858,2021070100100582,2021년 7월 1일 21시,목요일,경상북도 의성군 금성면,사망사고,1,0,0,0,차대사람 - 기타,안전운전불이행,포장 - 건조,맑음,기타 - 기타,승용,남,54세,상해없음,보행자,남,43세,사망
859,2021070200100065,2021년 7월 2일 07시,금요일,경상북도 고령군 개진면,경상사고,0,0,1,0,차대사람 - 횡단중,안전운전불이행,포장 - 건조,맑음,단일로 - 기타,승용,여,46세,경상,보행자,남,56세,상해없음
860,2021070200100164,2021년 7월 2일 10시,금요일,경상북도 의성군 봉양면,중상사고,0,1,0,0,차대사람 - 길가장자리구역통행중,안전운전불이행,포장 - 건조,맑음,단일로 - 기타,승용,여,27세,상해없음,보행자,남,79세,중상
861,2021070200100311,2021년 7월 2일 14시,금요일,경상북도 경주시 노서동,경상사고,0,0,1,0,차대사람 - 차도통행중,안전운전불이행,포장 - 건조,맑음,단일로 - 지하차도(도로)내,화물,남,43세,상해없음,보행자,여,75세,경상
862,2021070200100617,2021년 7월 2일 20시,금요일,경상북도 구미시 송정동,중상사고,0,1,0,0,차대사람 - 횡단중,보행자보호의무위반,포장 - 건조,맑음,교차로 - 교차로횡단보도내,승합,남,47세,상해없음,보행자,여,66세,중상
863,2021070200100729,2021년 7월 2일 23시,금요일,경상북도 고령군 대가야읍,경상사고,0,0,1,0,차대사람 - 횡단중,안전운전불이행,포장 - 건조,맑음,단일로 - 기타,승용,남,30세,상해없음,보행자,남,30세,경상
864,2021070300100247,2021년 7월 3일 13시,토요일,경상북도 경산시 옥곡동,경상사고,0,0,1,0,차대사람 - 기타,기타,포장 - 젖음/습기,흐림,단일로 - 기타,승용,여,58세,상해없음,보행자,남,36세,경상
865,2021070300100326,2021년 7월 3일 15시,토요일,경상북도 안동시 용상동,경상사고,0,0,1,0,차대사람 - 기타,신호위반,포장 - 젖음/습기,비,기타 - 기타,이륜,남,16세,상해없음,보행자,남,32세,경상
866,2021070300100496,2021년 7월 3일 19시,토요일,경상북도 경산시 정평동,중상사고,0,1,0,0,차대사람 - 횡단중,보행자보호의무위반,포장 - 젖음/습기,비,교차로 - 교차로횡단보도내,승용,남,30세,상해없음,보행자,여,66세,중상
867,2021070300100586,2021년 7월 3일 21시,토요일,경상북도 경산시 사동,경상사고,0,0,1,0,차대사람 - 횡단중,보행자보호의무위반,포장 - 젖음/습기,비,교차로 - 교차로횡단보도내,승용,남,70세,상해없음,보행자,남,29세,경상
868,2021070400100134,2021년 7월 4일 11시,일요일,경상북도 고령군 대가야읍,중상사고,0,1,0,0,차대사람 - 기타,기타,포장 - 건조,맑음,기타 - 기타,승합,남,59세,상해없음,보행자,여,83세,중상
869,2021070400100179,2021년 7월 4일 13시,일요일,경상북도 경주시 황남동,경상사고,0,0,1,0,차대사람 - 길가장자리구역통행중,안전운전불이행,포장 - 건조,맑음,단일로 - 기타,승용,남,23세,상해없음,보행자,남,31세,경상
870,2021070400100314,2021년 7월 4일 17시,일요일,경상북도 경주시 동천동,경상사고,0,0,1,0,차대사람 - 기타,안전운전불이행,포장 - 건조,맑음,기타 - 기타,승용,남,64세,상해없음,보행자,남,79세,경상
871,2021070400100401,2021년 7월 4일 20시,일요일,경상북도 경주시 천북면,중상사고,0,1,0,0,차대사람 - 길가장자리구역통행중,안전운전불이행,포장 - 건조,맑음,단일로 - 기타,승용,남,71세,상해없음,보행자,여,82세,중상
872,2021070400100424,2021년 7월 4일 21시,일요일,경상북도 포항시 북구 두호동,경상사고,0,0,1,0,차대사람 - 기타,기타,포장 - 건조,맑음,교차로 - 교차로부근,승용,남,67세,상해없음,보행자,여,41세,경상
873,2021070500100135,2021년 7월 5일 09시,월요일,경상북도 구미시 구평동,중상사고,0,1,0,0,차대사람 - 기타,안전운전불이행,포장 - 젖음/습기,흐림,단일로 - 기타,승용,여,45세,상해없음,보행자,여,60세,중상
874,2021070500100136,2021년 7월 5일 09시,월요일,경상북도 포항시 남구 오천읍,중상사고,0,1,0,0,차대사람 - 길가장자리구역통행중,안전운전불이행,포장 - 건조,맑음,교차로 - 교차로안,승용,남,79세,상해없음,보행자,남,60세,중상
875,2021070500100164,2021년 7월 5일 10시,월요일,경상북도 경산시 중방동,경상사고,0,0,1,0,차대사람 - 보도통행중,안전운전불이행,포장 - 건조,맑음,기타 - 기타,자전거,여,48세,상해없음,보행자,남,62세,경상
876,2021070500100166,2021년 7월 5일 10시,월요일,경상북도 구미시 봉곡동,경상사고,0,0,1,0,차대사람 - 횡단중,보행자보호의무위반,포장 - 건조,흐림,교차로 - 교차로횡단보도내,승용,여,49세,상해없음,보행자,여,30세,경상
877,2021070500100304,2021년 7월 5일 14시,월요일,경상북도 포항시 남구 오천읍,중상사고,0,1,0,0,차대사람 - 기타,안전운전불이행,포장 - 건조,맑음,교차로 - 교차로부근,승합,남,49세,상해없음,보행자,여,69세,중상
878,2021070500100458,2021년 7월 5일 18시,월요일,경상북도 포항시 남구 대도동,경상사고,0,0,1,0,차대사람 - 횡단중,안전운전불이행,포장 - 젖음/습기,흐림,단일로 - 기타,승용,남,60세,상해없음,보행자,여,53세,경상
879,2021070500100519,2021년 7월 5일 20시,월요일,경상북도 경주시 충효동,중상사고,0,1,0,0,차대사람 - 횡단중,안전운전불이행,포장 - 젖음/습기,비,단일로 - 기타,승용,남,55세,상해없음,보행자,남,62세,중상
880,2021070500100520,2021년 7월 5일 20시,월요일,경상북도 경산시 백천동,중상사고,0,1,0,0,차대사람 - 횡단중,보행자보호의무위반,포장 - 젖음/습기,비,교차로 - 교차로횡단보도내,이륜,남,28세,상해없음,보행자,여,72세,중상
881,2021070500100547,2021년 7월 5일 21시,월요일,경상북도 구미시 옥계동,부상신고사고,0,0,0,1,차대사람 - 기타,안전운전불이행,포장 - 젖음/습기,비,단일로 - 기타,기타불명,기타불명,미분류,기타불명,보행자,남,51세,부상신고