,사고번호,사고일시,요일,시군구,사고내용,사망자수,중상자수,경상자수,부상신고자수,사고유형,법규위반,노면상태,기상상태,도로형태,가해운전자 차종,가해운전자 성별,가해운전자 연령,가해운전자 상해정도,피해운전자 차종,피해운전자 성별,피해운전자 연령,피해운전자 상해정도
992,2021073000100521,2021년 7월 30일 20시,금요일,경상북도 영덕군 영덕읍,부상신고사고,0,0,0,1,차대사람 - 차도통행중,안전운전불이행,포장 - 건조,맑음,교차로 - 교차로안,기타불명,기타불명,미분류,기타불명,보행자,여,81세,부상신고
993,2021073000100522,2021년 7월 30일 20시,금요일,경상북도 구미시 임은동,경상사고,0,0,1,0,차대사람 - 기타,안전운전불이행,포장 - 건조,맑음,단일로 - 기타,승용,남,54세,상해없음,보행자,남,48세,경상
994,2021073100100010,2021년 7월 31일 00시,토요일,경상북도 문경시 점촌동,중상사고,0,1,0,0,차대사람 - 횡단중,안전운전불이행,포장 - 건조,맑음,단일로 - 기타,승용,남,68세,상해없음,보행자,여,61세,중상
995,2021073100100093,2021년 7월 31일 09시,토요일,경상북도 포항시 북구 흥해읍,경상사고,0,0,1,0,차대사람 - 길가장자리구역통행중,안전운전불이행,포장 - 건조,맑음,단일로 - 기타,승용,여,70세,상해없음,보행자,여,36세,경상
996,2021073100100112,2021년 7월 31일 10시,토요일,경상북도 경주시 동천동,중상사고,0,1,0,0,차대사람 - 횡단중,안전운전불이행,포장 - 건조,맑음,교차로 - 교차로안,승용,남,44세,상해없음,보행자,여,64세,중상
997,2021073100100244,2021년 7월 31일 13시,토요일,경상북도 경주시 황성동,중상사고,0,1,0,0,차대사람 - 횡단중,보행자보호의무위반,포장 - 건조,맑음,교차로 - 교차로횡단보도내,승용,남,22세,상해없음,보행자,여,74세,중상
998,2021073100100489,2021년 7월 31일 20시,토요일,경상북도 포항시 남구 인덕동,중상사고,0,2,0,0,차대사람 - 횡단중,신호위반,포장 - 건조,맑음,교차로 - 교차로횡단보도내,이륜,남,38세,중상,보행자,남,77세,중상
999,2021073100100514,2021년 7월 31일 21시,토요일,경상북도 김천시 성내동,경상사고,0,0,1,0,차대사람 - 횡단중,신호위반,포장 - 건조,맑음,교차로 - 교차로횡단보도내,승용,남,60세,상해없음,보행자,남,48세,경상
1000,2021080100100023,2021년 8월 1일 03시,일요일,경상북도 영주시 영주동,경상사고,0,0,1,0,차대사람 - 기타,안전운전불이행,포장 - 건조,맑음,단일로 - 기타,승합,여,51세,상해없음,보행자,남,37세,경상
1001,2021080100100114,2021년 8월 1일 11시,일요일,경상북도 경산시 삼북동,중상사고,0,1,0,0,차대사람 - 기타,직진우회전진행방해,포장 - 건조,맑음,교차로 - 교차로안,승용,남,61세,상해없음,보행자,여,57세,중상
1002,2021080100100377,2021년 8월 1일 20시,일요일,경상북도 경산시 임당동,경상사고,0,0,1,0,차대사람 - 차도통행중,안전운전불이행,포장 - 건조,맑음,단일로 - 기타,이륜,남,25세,상해없음,보행자,남,55세,경상
1003,2021080100100438,2021년 8월 1일 22시,일요일,경상북도 안동시 정하동,경상사고,0,0,1,0,차대사람 - 기타,안전운전불이행,포장 - 젖음/습기,비,단일로 - 기타,승용,남,37세,상해없음,보행자,남,53세,경상
1004,2021080200100162,2021년 8월 2일 11시,월요일,경상북도 안동시 북문동,경상사고,0,0,1,0,차대사람 - 기타,안전운전불이행,포장 - 건조,맑음,교차로 - 교차로안,개인형이동수단(PM),남,71세,상해없음,보행자,남,83세,경상
1005,2021080200100530,2021년 8월 2일 21시,월요일,경상북도 영주시 풍기읍,중상사고,0,1,0,0,차대사람 - 횡단중,안전운전불이행,포장 - 젖음/습기,비,단일로 - 기타,승용,남,50세,상해없음,보행자,남,64세,중상
1006,2021080300100285,2021년 8월 3일 15시,화요일,경상북도 경주시 충효동,경상사고,0,0,1,0,차대사람 - 길가장자리구역통행중,안전운전불이행,포장 - 건조,맑음,단일로 - 기타,승용,남,47세,상해없음,보행자,남,41세,경상
1007,2021080400100114,2021년 8월 4일 09시,수요일,경상북도 포항시 남구 대잠동,경상사고,0,0,1,0,차대사람 - 보도통행중,기타,포장 - 건조,맑음,단일로 - 기타,승용,남,55세,상해없음,보행자,남,64세,경상
1008,2021080400100147,2021년 8월 4일 10시,수요일,경상북도 구미시 봉곡동,중상사고,0,1,0,0,차대사람 - 횡단중,신호위반,포장 - 건조,맑음,교차로 - 교차로횡단보도내,승용,여,36세,상해없음,보행자,남,8세,중상
1009,2021080400100148,2021년 8월 4일 10시,수요일,경상북도 포항시 남구 지곡동,경상사고,0,0,1,0,차대사람 - 기타,안전운전불이행,포장 - 건조,맑음,기타 - 기타,승용,남,31세,상해없음,보행자,여,18세,경상
1010,2021080400100281,2021년 8월 4일 14시,수요일,경상북도 포항시 북구 장성동,경상사고,0,0,1,0,차대사람 - 횡단중,안전운전불이행,포장 - 건조,맑음,단일로 - 기타,승용,남,60세,상해없음,보행자,여,28세,경상
1011,2021080400100282,2021년 8월 4일 14시,수요일,경상북도 안동시 안기동,사망사고,1,0,0,0,차대사람 - 횡단중,안전운전불이행,포장 - 건조,맑음,교차로 - 교차로부근,건설기계,남,67세,상해없음,보행자,남,83세,사망
1012,2021080400100419,2021년 8월 4일 17시,수요일,경상북도 경주시 건천읍,경상사고,0,0,1,0,차대사람 - 차도통행중,안전운전불이행,포장 - 건조,맑음,단일로 - 기타,승용,남,28세,상해없음,보행자,여,79세,경상
1013,2021080400100461,2021년 8월 4일 18시,수요일,경상북도 문경시 흥덕동,중상사고,0,1,0,0,차대사람 - 기타,안전운전불이행,포장 - 건조,맑음,주차장 - 주차장,화물,남,58세,상해없음,보행자,여,82세,중상
1014,2021080400100463,2021년 8월 4일 18시,수요일,경상북도 포항시 남구 대송면,경상사고,0,0,1,0,차대사람 - 길가장자리구역통행중,안전운전불이행,포장 - 건조,맑음,단일로 - 기타,승용,여,58세,상해없음,보행자,남,71세,경상
1015,2021080400100546,2021년 8월 4일 21시,수요일,경상북도 포항시 북구 학잠동,중상사고,0,1,0,0,차대사람 - 횡단중,안전운전불이행,포장 - 건조,맑음,교차로 - 교차로안,승용,여,46세,상해없음,보행자,남,81세,중상
1016,2021080500100546,2021년 8월 5일 20시,목요일,경상북도 경주시 천북면,사망사고,1,0,0,0,차대사람 - 차도통행중,안전운전불이행,포장 - 건조,맑음,교차로 - 교차로부근,화물,남,48세,상해없음,보행자,남,78세,사망
1017,2021080600100056,2021년 8월 6일 07시,금요일,경상북도 경산시 백천동,중상사고,0,1,0,0,차대사람 - 횡단중,안전운전불이행,포장 - 건조,맑음,단일로 - 기타,승용,여,69세,상해없음,보행자,여,77세,중상
1018,2021080600100213,2021년 8월 6일 12시,금요일,경상북도 포항시 북구 창포동,중상사고,0,1,0,0,차대사람 - 차도통행중,안전운전불이행,포장 - 건조,맑음,교차로 - 교차로부근,화물,남,48세,상해없음,보행자,여,53세,중상
1019,2021080600100616,2021년 8월 6일 22시,금요일,경상북도 경주시 성동동,경상사고,0,0,1,0,차대사람 - 기타,안전운전불이행,포장 - 건조,맑음,단일로 - 기타,승용,남,23세,상해없음,보행자,여,60세,경상
1020,2021080700100273,2021년 8월 7일 14시,토요일,경상북도 경산시 대평동,중상사고,0,1,0,0,차대사람 - 횡단중,신호위반,포장 - 건조,맑음,교차로 - 교차로횡단보도내,승용,남,41세,상해없음,보행자,남,15세,중상
1021,2021080700100365,2021년 8월 7일 17시,토요일,경상북도 안동시 안막동,경상사고,0,0,1,0,차대사람 - 기타,안전운전불이행,포장 - 건조,맑음,단일로 - 기타,승용,남,73세,상해없음,보행자,남,57세,경상
1022,2021080700100444,2021년 8월 7일 19시,토요일,경상북도 경산시 임당동,경상사고,0,0,1,0,차대사람 - 횡단중,보행자보호의무위반,포장 - 건조,맑음,교차로 - 교차로횡단보도내,승용,남,46세,상해없음,보행자,남,52세,경상
1023,2021080700100445,2021년 8월 7일 19시,토요일,경상북도 구미시 도량동,사망사고,1,0,0,0,차대사람 - 횡단중,안전운전불이행,포장 - 건조,맑음,단일로 - 기타,승용,남,48세,상해없음,보행자,여,88세,사망
1024,2021080800100272,2021년 8월 8일 17시,일요일,경상북도 문경시 농암면,중상사고,0,1,1,0,차대사람 - 횡단중,안전운전불이행,포장 - 건조,맑음,기타 - 기타,승용,여,50세,경상,보행자,여,89세,중상
1025,2021080800100339,2021년 8월 8일 19시,일요일,경상북도 영천시 오미동,경상사고,0,0,1,0,차대사람 - 길가장자리구역통행중,안전운전불이행,포장 - 건조,맑음,단일로 - 기타,화물,남,42세,상해없음,보행자,여,82세,경상
1026,2021080900100168,2021년 8월 9일 10시,월요일,경상북도 영덕군 영덕읍,경상사고,0,0,1,0,차대사람 - 차도통행중,안전운전불이행,포장 - 건조,맑음,단일로 - 기타,승용,여,29세,상해없음,보행자,남,68세,경상
1027,2021080900100390,2021년 8월 9일 16시,월요일,경상북도 안동시 남부동,경상사고,0,0,1,0,차대사람 - 기타,안전운전불이행,포장 - 건조,맑음,기타 - 기타,승용,남,64세,상해없음,보행자,여,42세,경상
1028,2021080900100509,2021년 8월 9일 19시,월요일,경상북도 영천시 망정동,중상사고,0,1,0,0,차대사람 - 횡단중,보행자보호의무위반,포장 - 건조,맑음,교차로 - 교차로횡단보도내,승용,남,37세,상해없음,보행자,여,64세,중상
1029,2021080900100510,2021년 8월 9일 19시,월요일,경상북도 경산시 계양동,중상사고,0,1,0,0,차대사람 - 길가장자리구역통행중,안전운전불이행,포장 - 건조,맑음,주차장 - 주차장,승용,남,67세,상해없음,보행자,남,63세,중상
1030,2021080900100511,2021년 8월 9일 19시,월요일,경상북도 구미시 구포동,경상사고,0,0,1,0,차대사람 - 보도통행중,보행자보호의무위반,포장 - 젖음/습기,비,교차로 - 교차로횡단보도내,승용,남,24세,상해없음,보행자,남,67세,경상
1031,2021081000100066,2021년 8월 10일 08시,화요일,경상북도 포항시 북구 죽도동,경상사고,0,0,1,0,차대사람 - 횡단중,보행자보호의무위반,포장 - 건조,맑음,교차로 - 교차로횡단보도내,승용,남,48세,상해없음,보행자,여,73세,경상
1032,2021081000100094,2021년 8월 10일 09시,화요일,경상북도 김천시 신음동,경상사고,0,0,1,0,차대사람 - 횡단중,보행자보호의무위반,포장 - 건조,맑음,교차로 - 교차로횡단보도내,승용,남,57세,상해없음,보행자,여,31세,경상
1033,2021081000100235,2021년 8월 10일 13시,화요일,경상북도 경주시 황남동,경상사고,0,0,1,0,차대사람 - 차도통행중,안전운전불이행,포장 - 건조,맑음,단일로 - 기타,승용,남,73세,상해없음,보행자,남,37세,경상
1034,2021081000100236,2021년 8월 10일 13시,화요일,경상북도 김천시 신음동,경상사고,0,0,1,0,차대사람 - 횡단중,신호위반,포장 - 건조,맑음,교차로 - 교차로안,이륜,남,78세,상해없음,보행자,여,73세,경상
1035,2021081000100299,2021년 8월 10일 15시,화요일,경상북도 포항시 남구 해도동,중상사고,0,1,0,0,차대사람 - 횡단중,기타,포장 - 건조,맑음,교차로 - 교차로부근,승용,남,58세,상해없음,보행자,여,43세,중상
1036,2021081000100512,2021년 8월 10일 21시,화요일,경상북도 구미시 옥계동,경상사고,0,0,1,0,차대사람 - 기타,안전운전불이행,포장 - 건조,맑음,교차로 - 교차로안,승용,남,33세,상해없음,보행자,남,62세,경상
1037,2021081000100535,2021년 8월 10일 22시,화요일,경상북도 경주시 시래동,경상사고,0,0,1,0,차대사람 - 횡단중,안전운전불이행,포장 - 건조,맑음,교차로 - 교차로안,승용,남,23세,상해없음,보행자,여,37세,경상
1038,2021081100100056,2021년 8월 11일 07시,수요일,경상북도 경산시 대동,경상사고,0,0,1,0,차대사람 - 기타,기타,포장 - 건조,흐림,기타 - 기타,기타불명,기타불명,미분류,기타불명,보행자,여,24세,경상
1039,2021081100100111,2021년 8월 11일 09시,수요일,경상북도 포항시 북구 청하면,경상사고,0,0,1,0,차대사람 - 차도통행중,안전운전불이행,포장 - 건조,맑음,단일로 - 기타,승용,남,62세,상해없음,보행자,남,77세,경상
1040,2021081100100430,2021년 8월 11일 19시,수요일,경상북도 포항시 북구 두호동,중상사고,0,1,0,0,차대사람 - 횡단중,안전운전불이행,포장 - 건조,맑음,교차로 - 교차로안,승용,여,42세,상해없음,보행자,여,63세,중상
1041,2021081100100507,2021년 8월 11일 21시,수요일,경상북도 경산시 옥산동,중상사고,0,1,0,0,차대사람 - 횡단중,안전운전불이행,포장 - 건조,맑음,단일로 - 기타,승용,남,59세,상해없음,보행자,남,56세,중상
1042,2021081200100035,2021년 8월 12일 06시,목요일,경상북도 영양군 석보면,중상사고,0,1,0,0,차대사람 - 길가장자리구역통행중,안전운전불이행,포장 - 젖음/습기,안개,단일로 - 기타,화물,남,29세,상해없음,보행자,여,74세,중상
1043,2021081200100056,2021년 8월 12일 07시,목요일,경상북도 포항시 북구 죽도동,경상사고,0,0,1,0,차대사람 - 횡단중,안전운전불이행,포장 - 건조,맑음,교차로 - 교차로부근,승용,여,60세,상해없음,보행자,여,68세,경상
1044,2021081200100086,2021년 8월 12일 08시,목요일,경상북도 영주시 휴천동,중상사고,0,1,0,0,차대사람 - 차도통행중,안전운전불이행,포장 - 건조,맑음,교차로 - 교차로안,승용,여,38세,상해없음,보행자,여,72세,중상
1045,2021081200100087,2021년 8월 12일 08시,목요일,경상북도 영덕군 영덕읍,경상사고,0,0,1,0,차대사람 - 기타,안전운전불이행,포장 - 건조,맑음,단일로 - 기타,화물,남,65세,상해없음,보행자,여,13세,경상
1046,2021081200100188,2021년 8월 12일 11시,목요일,경상북도 포항시 남구 동해면,경상사고,0,0,1,0,차대사람 - 길가장자리구역통행중,안전운전불이행,포장 - 건조,맑음,단일로 - 기타,승용,남,82세,상해없음,보행자,남,63세,경상
1047,2021081200100492,2021년 8월 12일 20시,목요일,경상북도 문경시 점촌동,경상사고,0,0,1,0,차대사람 - 보도통행중,보행자보호의무위반,포장 - 건조,맑음,단일로 - 기타,이륜,남,25세,상해없음,보행자,여,65세,경상
1048,2021081200100523,2021년 8월 12일 21시,목요일,경상북도 안동시 옥동,경상사고,0,0,1,0,차대사람 - 기타,안전운전불이행,포장 - 건조,맑음,단일로 - 기타,승용,남,57세,상해없음,보행자,남,20세,경상
1049,2021081200100551,2021년 8월 12일 22시,목요일,경상북도 포항시 북구 두호동,경상사고,0,0,1,0,차대사람 - 기타,안전운전불이행,포장 - 건조,맑음,단일로 - 기타,승용,남,44세,상해없음,보행자,남,41세,경상
1050,2021081300100070,2021년 8월 13일 08시,금요일,경상북도 경주시 외동읍,경상사고,0,0,1,0,차대사람 - 보도통행중,보행자보호의무위반,포장 - 건조,맑음,교차로 - 교차로횡단보도내,승용,남,62세,상해없음,보행자,여,5세,경상
1051,2021081300100124,2021년 8월 13일 10시,금요일,경상북도 안동시 안흥동,경상사고,0,0,1,0,차대사람 - 기타,안전운전불이행,포장 - 건조,맑음,주차장 - 주차장,승용,남,44세,상해없음,보행자,남,43세,경상
1052,2021081300100235,2021년 8월 13일 13시,금요일,경상북도 칠곡군 북삼읍,중상사고,0,1,0,0,차대사람 - 기타,보행자보호의무위반,포장 - 건조,맑음,단일로 - 기타,승용,여,63세,상해없음,보행자,여,71세,중상
1053,2021081300100262,2021년 8월 13일 14시,금요일,경상북도 경산시 압량읍,경상사고,0,0,1,0,차대사람 - 보도통행중,기타,포장 - 건조,흐림,단일로 - 기타,기타불명,기타불명,미분류,기타불명,보행자,남,27세,경상
1054,2021081300100267,2021년 8월 13일 14시,금요일,경상북도 고령군 성산면,중상사고,0,1,0,0,차대사람 - 기타,안전운전불이행,포장 - 건조,맑음,단일로 - 기타,화물,남,63세,상해없음,보행자,남,55세,중상
1055,2021081300100394,2021년 8월 13일 17시,금요일,경상북도 포항시 북구 장성동,경상사고,0,0,1,0,차대사람 - 횡단중,보행자보호의무위반,비포장 - 젖음/습기,비,교차로 - 교차로안,승용,여,59세,상해없음,보행자,여,34세,경상
1056,2021081300100448,2021년 8월 13일 18시,금요일,경상북도 구미시 남통동,중상사고,0,1,0,0,차대사람 - 횡단중,안전운전불이행,포장 - 건조,맑음,교차로 - 교차로부근,승합,남,50세,상해없음,보행자,여,47세,중상
1057,2021081400100024,2021년 8월 14일 02시,토요일,경상북도 영주시 가흥동,경상사고,0,0,1,0,차대사람 - 기타,안전운전불이행,포장 - 건조,맑음,단일로 - 기타,승용,남,37세,상해없음,보행자,남,27세,경상
1058,2021081400100030,2021년 8월 14일 03시,토요일,경상북도 포항시 남구 구룡포읍,사망사고,1,0,0,0,차대사람 - 횡단중,안전운전불이행,포장 - 젖음/습기,비,단일로 - 지하차도(도로)내,승용,남,22세,상해없음,보행자,남,78세,사망
1059,2021081400100444,2021년 8월 14일 20시,토요일,경상북도 성주군 대가면,사망사고,1,0,0,0,차대사람 - 차도통행중,안전운전불이행,포장 - 건조,흐림,단일로 - 고가도로위,이륜,남,27세,사망,보행자,남,73세,기타불명
1060,2021081400100487,2021년 8월 14일 22시,토요일,경상북도 김천시 덕곡동,중상사고,0,1,0,0,차대사람 - 기타,안전운전불이행,포장 - 건조,맑음,단일로 - 기타,승용,남,22세,상해없음,보행자,남,56세,중상
1061,2021081500100006,2021년 8월 15일 00시,일요일,경상북도 포항시 남구 송도동,중상사고,0,1,0,0,차대사람 - 기타,과속,포장 - 젖음/습기,비,단일로 - 기타,승용,남,50세,상해없음,보행자,여,32세,중상
1062,2021081500100263,2021년 8월 15일 16시,일요일,경상북도 영양군 석보면,경상사고,0,0,2,0,차대사람 - 차도통행중,안전운전불이행,포장 - 건조,맑음,기타 - 기타,승용,여,39세,상해없음,보행자,남,42세,경상
1063,2021081500100364,2021년 8월 15일 20시,일요일,경상북도 구미시 오태동,경상사고,0,0,2,0,차대사람 - 횡단중,신호위반,포장 - 젖음/습기,비,교차로 - 교차로부근,이륜,남,53세,상해없음,보행자,여,30세,경상
1064,2021081600100084,2021년 8월 16일 10시,월요일,경상북도 청송군 주왕산면,중상사고,0,1,0,0,차대사람 - 차도통행중,안전운전불이행,포장 - 건조,맑음,단일로 - 지하차도(도로)내,승용,남,58세,상해없음,보행자,여,88세,중상
1065,2021081600100179,2021년 8월 16일 13시,월요일,경상북도 예천군 예천읍,경상사고,0,0,1,0,차대사람 - 차도통행중,안전운전불이행,포장 - 건조,맑음,단일로 - 기타,승용,남,81세,상해없음,보행자,남,60세,경상
1066,2021081600100246,2021년 8월 16일 15시,월요일,경상북도 경산시 중방동,경상사고,0,0,1,0,차대사람 - 횡단중,보행자보호의무위반,포장 - 건조,맑음,교차로 - 교차로횡단보도내,승용,남,76세,상해없음,보행자,여,64세,경상
1067,2021081600100455,2021년 8월 16일 22시,월요일,경상북도 경산시 진량읍,경상사고,0,0,1,0,차대사람 - 기타,안전운전불이행,포장 - 건조,흐림,단일로 - 기타,승용,남,32세,상해없음,보행자,남,78세,경상
1068,2021081700100112,2021년 8월 17일 09시,화요일,경상북도 고령군 대가야읍,경상사고,0,0,2,0,차대사람 - 차도통행중,안전운전불이행,포장 - 건조,맑음,단일로 - 기타,승용,남,66세,상해없음,보행자,남,82세,경상
1069,2021081700100141,2021년 8월 17일 10시,화요일,경상북도 경주시 서면,중상사고,0,1,0,0,차대사람 - 횡단중,보행자보호의무위반,포장 - 젖음/습기,비,단일로 - 기타,승용,남,61세,상해없음,보행자,여,55세,중상
1070,2021081700100142,2021년 8월 17일 10시,화요일,경상북도 의성군 가음면,경상사고,0,0,2,0,차대사람 - 기타,안전운전불이행,포장 - 건조,맑음,단일로 - 기타,화물,남,76세,상해없음,보행자,남,58세,경상
1071,2021081700100291,2021년 8월 17일 14시,화요일,경상북도 경산시 하양읍,경상사고,0,0,1,0,차대사람 - 기타,안전운전불이행,포장 - 건조,맑음,교차로 - 교차로안,승용,여,64세,상해없음,보행자,여,73세,경상
1072,2021081700100485,2021년 8월 17일 19시,화요일,경상북도 포항시 남구 대도동,중상사고,0,1,0,0,차대사람 - 길가장자리구역통행중,안전운전불이행,포장 - 건조,맑음,단일로 - 기타,승용,남,39세,상해없음,보행자,여,86세,중상
1073,2021081700100550,2021년 8월 17일 21시,화요일,경상북도 경산시 자인면,경상사고,0,0,1,0,차대사람 - 기타,안전운전불이행,포장 - 건조,맑음,단일로 - 기타,화물,남,22세,상해없음,보행자,남,65세,경상
1074,2021081800100031,2021년 8월 18일 06시,수요일,경상북도 경산시 옥산동,중상사고,0,1,0,0,차대사람 - 횡단중,보행자보호의무위반,포장 - 건조,맑음,교차로 - 교차로횡단보도내,승용,남,65세,상해없음,보행자,남,80세,중상
1075,2021081800100075,2021년 8월 18일 08시,수요일,경상북도 포항시 남구 오천읍,경상사고,0,0,1,0,차대사람 - 길가장자리구역통행중,안전운전불이행,포장 - 젖음/습기,비,단일로 - 기타,승용,남,73세,상해없음,보행자,여,60세,경상
1076,2021081800100133,2021년 8월 18일 10시,수요일,경상북도 성주군 벽진면,경상사고,0,0,1,0,차대사람 - 기타,안전운전불이행,포장 - 건조,맑음,단일로 - 기타,승용,여,71세,상해없음,보행자,남,47세,경상
1077,2021081800100472,2021년 8월 18일 19시,수요일,경상북도 구미시 고아읍,중상사고,0,1,0,0,차대사람 - 횡단중,안전운전불이행,포장 - 젖음/습기,비,단일로 - 기타,이륜,남,53세,상해없음,보행자,여,65세,중상
1078,2021081900100191,2021년 8월 19일 11시,목요일,경상북도 구미시 송정동,중상사고,0,1,0,0,차대사람 - 보도통행중,신호위반,포장 - 건조,맑음,교차로 - 교차로횡단보도내,이륜,남,35세,상해없음,보행자,남,51세,중상
1079,2021081900100223,2021년 8월 19일 12시,목요일,경상북도 영주시 휴천동,중상사고,0,1,0,0,차대사람 - 횡단중,보행자보호의무위반,포장 - 건조,맑음,교차로 - 교차로횡단보도내,승용,남,37세,기타불명,보행자,남,54세,중상
1080,2021081900100226,2021년 8월 19일 12시,목요일,경상북도 구미시 원평동,부상신고사고,0,0,0,1,차대사람 - 횡단중,안전운전불이행,포장 - 건조,맑음,단일로 - 기타,승용,여,49세,상해없음,보행자,남,47세,부상신고
1081,2021081900100288,2021년 8월 19일 14시,목요일,경상북도 예천군 예천읍,중상사고,0,1,0,0,차대사람 - 차도통행중,안전운전불이행,포장 - 건조,맑음,교차로 - 교차로부근,승용,남,19세,상해없음,보행자,여,79세,중상
1082,2021081900100326,2021년 8월 19일 15시,목요일,경상북도 영양군 영양읍,경상사고,0,0,1,0,차대사람 - 길가장자리구역통행중,안전운전불이행,포장 - 건조,맑음,단일로 - 기타,화물,남,56세,상해없음,보행자,여,88세,경상
1083,2021081900100488,2021년 8월 19일 19시,목요일,경상북도 경산시 중산동,중상사고,0,1,0,0,차대사람 - 횡단중,보행자보호의무위반,포장 - 건조,맑음,교차로 - 교차로안,승용,남,39세,상해없음,보행자,남,25세,중상
1084,2021081900100515,2021년 8월 19일 20시,목요일,경상북도 경주시 안강읍,사망사고,1,0,0,0,차대사람 - 차도통행중,안전운전불이행,포장 - 건조,맑음,단일로 - 기타,승용,남,29세,상해없음,보행자,남,77세,사망
1085,2021081900100567,2021년 8월 19일 22시,목요일,경상북도 영천시 완산동,중상사고,0,1,0,0,차대사람 - 횡단중,안전운전불이행,포장 - 건조,맑음,단일로 - 기타,승용,남,45세,상해없음,보행자,여,52세,중상
1086,2021082000100510,2021년 8월 20일 19시,금요일,경상북도 포항시 북구 항구동,경상사고,0,0,1,0,차대사람 - 길가장자리구역통행중,안전운전불이행,포장 - 건조,맑음,단일로 - 기타,승용,남,30세,상해없음,보행자,남,50세,경상
1087,2021082000100621,2021년 8월 20일 22시,금요일,경상북도 경주시 동천동,중상사고,0,1,0,0,차대사람 - 차도통행중,안전운전불이행,포장 - 건조,맑음,단일로 - 기타,승용,남,69세,상해없음,보행자,남,36세,중상
1088,2021082000100622,2021년 8월 20일 22시,금요일,경상북도 안동시 송현동,경상사고,0,0,1,0,차대사람 - 횡단중,안전운전불이행,포장 - 건조,맑음,단일로 - 기타,승용,여,23세,상해없음,보행자,남,37세,경상
1089,2021082000100640,2021년 8월 20일 23시,금요일,경상북도 경산시 임당동,부상신고사고,0,0,0,1,차대사람 - 기타,안전운전불이행,포장 - 건조,맑음,단일로 - 기타,기타불명,기타불명,미분류,기타불명,보행자,여,22세,부상신고
1090,2021082100100378,2021년 8월 21일 18시,토요일,경상북도 청도군 이서면,중상사고,0,1,0,0,차대사람 - 기타,안전운전불이행,포장 - 건조,흐림,단일로 - 기타,승합,여,61세,상해없음,보행자,여,43세,중상
1091,2021082100100405,2021년 8월 21일 19시,토요일,경상북도 구미시 원평동,경상사고,0,0,1,0,차대사람 - 횡단중,안전운전불이행,포장 - 건조,흐림,교차로 - 교차로안,승용,남,79세,상해없음,보행자,남,50세,경상
1092,2021082100100498,2021년 8월 21일 22시,토요일,경상북도 영천시 문외동,경상사고,0,0,1,0,차대사람 - 횡단중,보행자보호의무위반,포장 - 건조,맑음,교차로 - 교차로횡단보도내,승용,남,24세,상해없음,보행자,여,22세,경상
1093,2021082100100500,2021년 8월 21일 22시,토요일,경상북도 포항시 남구 오천읍,경상사고,0,0,1,0,차대사람 - 횡단중,안전운전불이행,포장 - 젖음/습기,흐림,교차로 - 교차로부근,이륜,남,41세,상해없음,보행자,여,42세,경상
1094,2021082200100063,2021년 8월 22일 09시,일요일,경상북도 성주군 월항면,사망사고,1,0,0,0,차대사람 - 기타,안전운전불이행,포장 - 젖음/습기,흐림,교차로 - 교차로안,화물,남,72세,상해없음,보행자,여,89세,사망
1095,2021082300100004,2021년 8월 23일 01시,월요일,경상북도 포항시 남구 오천읍,중상사고,0,1,0,0,차대사람 - 기타,안전운전불이행,포장 - 건조,맑음,교차로 - 교차로부근,승용,여,37세,상해없음,보행자,남,49세,중상
1096,2021082300100021,2021년 8월 23일 06시,월요일,경상북도 상주시 사벌국면,사망사고,1,0,0,0,차대사람 - 기타,안전운전불이행,포장 - 건조,맑음,단일로 - 기타,승용,여,65세,상해없음,보행자,여,85세,사망
1097,2021082300100242,2021년 8월 23일 13시,월요일,경상북도 구미시 형곡동,중상사고,0,1,0,0,차대사람 - 횡단중,신호위반,포장 - 젖음/습기,비,교차로 - 교차로안,승용,여,47세,상해없음,보행자,남,88세,중상
1098,2021082300100336,2021년 8월 23일 16시,월요일,경상북도 예천군 호명면,경상사고,0,0,1,0,차대사람 - 횡단중,신호위반,포장 - 젖음/습기,비,교차로 - 교차로횡단보도내,승용,여,52세,상해없음,보행자,남,9세,경상
1099,2021082300100462,2021년 8월 23일 19시,월요일,경상북도 김천시 신음동,경상사고,0,0,2,0,차대사람 - 횡단중,보행자보호의무위반,포장 - 젖음/습기,흐림,교차로 - 교차로안,승용,남,24세,상해없음,보행자,여,18세,경상
1100,2021082300100464,2021년 8월 23일 19시,월요일,경상북도 구미시 원평동,중상사고,0,1,0,0,차대사람 - 기타,안전운전불이행,포장 - 젖음/습기,비,교차로 - 교차로횡단보도내,승용,남,34세,상해없음,보행자,남,81세,중상
1101,2021082300100507,2021년 8월 23일 20시,월요일,경상북도 구미시 임은동,경상사고,0,0,1,0,차대사람 - 횡단중,안전운전불이행,포장 - 젖음/습기,비,교차로 - 교차로횡단보도내,승합,남,48세,상해없음,보행자,여,58세,경상