,사고번호,사고일시,요일,시군구,사고내용,사망자수,중상자수,경상자수,부상신고자수,사고유형,법규위반,노면상태,기상상태,도로형태,가해운전자 차종,가해운전자 성별,가해운전자 연령,가해운전자 상해정도,피해운전자 차종,피해운전자 성별,피해운전자 연령,피해운전자 상해정도
1211,2021091400100479,2021년 9월 14일 16시,화요일,경상북도 포항시 남구 효자동,경상사고,0,0,1,0,차대사람 - 길가장자리구역통행중,안전운전불이행,포장 - 건조,맑음,단일로 - 기타,화물,남,44세,상해없음,보행자,여,80세,경상
1212,2021091400100728,2021년 9월 14일 23시,화요일,경상북도 경주시 충효동,중상사고,0,1,0,0,차대사람 - 횡단중,안전운전불이행,포장 - 건조,맑음,교차로 - 교차로안,승용,여,52세,상해없음,보행자,남,30세,중상
1213,2021091500100068,2021년 9월 15일 07시,수요일,경상북도 영천시 화남면,경상사고,0,0,1,0,차대사람 - 기타,안전운전불이행,포장 - 건조,맑음,교차로 - 교차로안,화물,남,67세,상해없음,보행자,남,64세,경상
1214,2021091500100121,2021년 9월 15일 08시,수요일,경상북도 고령군 쌍림면,경상사고,0,0,1,0,차대사람 - 기타,안전운전불이행,포장 - 건조,맑음,주차장 - 주차장,화물,남,56세,상해없음,보행자,여,69세,경상
1215,2021091500100210,2021년 9월 15일 10시,수요일,경상북도 구미시 원평동,경상사고,0,0,1,0,차대사람 - 길가장자리구역통행중,안전운전불이행,포장 - 건조,맑음,단일로 - 기타,승용,남,72세,상해없음,보행자,남,16세,경상
1216,2021091500100368,2021년 9월 15일 14시,수요일,경상북도 포항시 남구 해도동,중상사고,0,1,0,0,차대사람 - 차도통행중,안전운전불이행,포장 - 건조,맑음,교차로 - 교차로부근,화물,남,60세,상해없음,보행자,여,88세,중상
1217,2021091500100467,2021년 9월 15일 16시,수요일,경상북도 칠곡군 왜관읍,경상사고,0,0,1,0,차대사람 - 보도통행중,보행자보호의무위반,포장 - 건조,맑음,교차로 - 교차로횡단보도내,이륜,남,15세,상해없음,보행자,여,61세,경상
1218,2021091500100587,2021년 9월 15일 18시,수요일,경상북도 안동시 대석동,경상사고,0,0,3,0,차대사람 - 보도통행중,보행자보호의무위반,포장 - 건조,맑음,단일로 - 기타,승용,여,32세,상해없음,보행자,여,45세,경상
1219,2021091500100588,2021년 9월 15일 18시,수요일,경상북도 영천시 야사동,경상사고,0,0,1,0,차대사람 - 기타,안전운전불이행,포장 - 건조,맑음,교차로 - 교차로안,승용,여,65세,상해없음,보행자,남,35세,경상
1220,2021091500100589,2021년 9월 15일 18시,수요일,경상북도 문경시 신기동,경상사고,0,0,1,0,차대사람 - 차도통행중,안전운전불이행,포장 - 건조,맑음,단일로 - 기타,화물,여,57세,상해없음,보행자,남,4세,경상
1221,2021091600100055,2021년 9월 16일 07시,목요일,경상북도 영주시 부석면,경상사고,0,0,1,0,차대사람 - 차도통행중,안전운전불이행,포장 - 건조,맑음,단일로 - 기타,화물,남,59세,상해없음,보행자,남,61세,경상
1222,2021091600100106,2021년 9월 16일 08시,목요일,경상북도 영주시 영주동,중상사고,0,1,0,0,차대사람 - 횡단중,보행자보호의무위반,포장 - 건조,맑음,교차로 - 교차로횡단보도내,화물,여,68세,상해없음,보행자,여,81세,중상
1223,2021091600100344,2021년 9월 16일 14시,목요일,경상북도 상주시 남성동,중상사고,0,1,0,0,차대사람 - 차도통행중,안전운전불이행,포장 - 건조,맑음,단일로 - 기타,승용,남,56세,상해없음,보행자,여,53세,중상
1224,2021091600100432,2021년 9월 16일 16시,목요일,경상북도 경주시 안강읍,경상사고,0,0,1,0,차대사람 - 기타,안전운전불이행,포장 - 건조,맑음,주차장 - 주차장,승용,남,63세,상해없음,보행자,남,62세,경상
1225,2021091600100434,2021년 9월 16일 16시,목요일,경상북도 구미시 옥계동,경상사고,0,0,1,0,차대사람 - 기타,안전운전불이행,포장 - 건조,맑음,교차로 - 교차로안,승용,남,58세,상해없음,보행자,남,15세,경상
1226,2021091600100652,2021년 9월 16일 21시,목요일,경상북도 포항시 남구 오천읍,경상사고,0,0,1,0,차대사람 - 길가장자리구역통행중,안전운전불이행,포장 - 건조,맑음,단일로 - 지하차도(도로)내,승용,남,63세,상해없음,보행자,여,46세,경상
1227,2021091700100102,2021년 9월 17일 08시,금요일,경상북도 경산시 사정동,경상사고,0,0,1,0,차대사람 - 횡단중,보행자보호의무위반,포장 - 건조,맑음,단일로 - 기타,승합,여,47세,상해없음,보행자,남,16세,경상
1228,2021091700100286,2021년 9월 17일 12시,금요일,경상북도 영주시 영주동,경상사고,0,0,1,0,차대사람 - 차도통행중,안전운전불이행,포장 - 건조,맑음,교차로 - 교차로안,승용,남,59세,상해없음,보행자,여,50세,경상
1229,2021091700100387,2021년 9월 17일 14시,금요일,경상북도 영양군 영양읍,경상사고,0,0,1,0,차대사람 - 차도통행중,안전운전불이행,포장 - 젖음/습기,비,기타 - 기타,승용,남,30세,상해없음,보행자,여,77세,경상
1230,2021091700100388,2021년 9월 17일 14시,금요일,경상북도 포항시 남구 이동,경상사고,0,0,1,0,차대사람 - 횡단중,신호위반,포장 - 젖음/습기,비,교차로 - 교차로횡단보도내,화물,남,50세,상해없음,보행자,여,11세,경상
1231,2021091700100675,2021년 9월 17일 19시,금요일,경상북도 상주시 남성동,중상사고,0,1,0,0,차대사람 - 기타,안전운전불이행,포장 - 젖음/습기,비,단일로 - 기타,승용,여,66세,상해없음,보행자,여,95세,중상
1232,2021091700100725,2021년 9월 17일 20시,금요일,경상북도 경산시 계양동,경상사고,0,0,1,0,차대사람 - 기타,기타,포장 - 건조,맑음,단일로 - 기타,개인형이동수단(PM),남,20세,상해없음,보행자,남,50세,경상
1233,2021091800100261,2021년 9월 18일 12시,토요일,경상북도 예천군 호명면,중상사고,0,1,4,0,차대사람 - 기타,안전운전불이행,포장 - 건조,맑음,교차로 - 교차로부근,승용,여,66세,상해없음,보행자,여,61세,경상
1234,2021091800100490,2021년 9월 18일 17시,토요일,경상북도 칠곡군 북삼읍,중상사고,0,1,0,0,차대사람 - 횡단중,보행자보호의무위반,포장 - 건조,맑음,교차로 - 교차로횡단보도내,승용,여,44세,상해없음,보행자,여,71세,중상
1235,2021091800100607,2021년 9월 18일 20시,토요일,경상북도 포항시 북구 두호동,경상사고,0,0,1,0,차대사람 - 기타,안전운전불이행,포장 - 건조,맑음,주차장 - 주차장,승용,남,26세,상해없음,보행자,여,72세,경상
1236,2021091900100016,2021년 9월 19일 02시,일요일,경상북도 안동시 옥동,경상사고,0,0,1,0,차대사람 - 보도통행중,안전운전불이행,포장 - 건조,맑음,단일로 - 기타,승용,남,26세,상해없음,보행자,남,38세,경상
1237,2021091900100097,2021년 9월 19일 10시,일요일,경상북도 경주시 외동읍,중상사고,0,1,0,0,차대사람 - 기타,안전운전불이행,포장 - 건조,맑음,단일로 - 기타,화물,여,60세,상해없음,보행자,남,67세,중상
1238,2021091900100127,2021년 9월 19일 11시,일요일,경상북도 울진군 울진읍,경상사고,0,0,1,0,차대사람 - 횡단중,안전운전불이행,포장 - 건조,맑음,단일로 - 기타,승용,여,70세,상해없음,보행자,여,76세,경상
1239,2021091900100246,2021년 9월 19일 15시,일요일,경상북도 의성군 안계면,중상사고,0,1,0,0,차대사람 - 길가장자리구역통행중,안전운전불이행,포장 - 건조,맑음,단일로 - 기타,승용,여,61세,상해없음,보행자,여,60세,중상
1240,2021092000100016,2021년 9월 20일 01시,월요일,경상북도 포항시 북구 두호동,중상사고,0,1,0,0,차대사람 - 기타,중앙선침범,포장 - 건조,맑음,단일로 - 기타,이륜,남,53세,상해없음,보행자,남,22세,중상
1241,2021092000100121,2021년 9월 20일 11시,월요일,경상북도 포항시 남구 오천읍,경상사고,0,0,1,0,차대사람 - 차도통행중,안전운전불이행,포장 - 건조,맑음,단일로 - 기타,승용,여,63세,상해없음,보행자,남,54세,경상
1242,2021092000100190,2021년 9월 20일 13시,월요일,경상북도 포항시 북구 송라면,경상사고,0,0,1,0,차대사람 - 횡단중,보행자보호의무위반,포장 - 건조,맑음,교차로 - 교차로안,승용,여,38세,상해없음,보행자,남,60세,경상
1243,2021092000100191,2021년 9월 20일 13시,월요일,경상북도 경산시 백천동,경상사고,0,0,1,0,차대사람 - 기타,안전운전불이행,포장 - 건조,맑음,기타 - 기타,승용,남,62세,상해없음,보행자,남,34세,경상
1244,2021092000100192,2021년 9월 20일 13시,월요일,경상북도 경산시 진량읍,중상사고,0,1,0,0,차대사람 - 길가장자리구역통행중,안전운전불이행,포장 - 건조,맑음,주차장 - 주차장,승용,남,46세,상해없음,보행자,남,70세,중상
1245,2021092000100232,2021년 9월 20일 14시,월요일,경상북도 영천시 신녕면,경상사고,0,0,1,0,차대사람 - 횡단중,보행자보호의무위반,포장 - 건조,맑음,단일로 - 기타,화물,남,56세,상해없음,보행자,남,5세,경상
1246,2021092000100293,2021년 9월 20일 16시,월요일,경상북도 포항시 남구 상도동,경상사고,0,0,1,0,차대사람 - 차도통행중,안전운전불이행,포장 - 건조,맑음,단일로 - 지하차도(도로)내,승용,남,28세,상해없음,보행자,여,65세,경상
1247,2021092000100323,2021년 9월 20일 17시,월요일,경상북도 경산시 중방동,경상사고,0,0,1,0,차대사람 - 길가장자리구역통행중,안전운전불이행,포장 - 건조,맑음,단일로 - 기타,승용,남,73세,상해없음,보행자,남,7세,경상
1248,2021092000100421,2021년 9월 20일 21시,월요일,경상북도 경주시 외동읍,경상사고,0,0,1,0,차대사람 - 횡단중,신호위반,포장 - 건조,맑음,교차로 - 교차로안,승용,남,59세,상해없음,보행자,남,21세,경상
1249,2021092100100152,2021년 9월 21일 14시,화요일,경상북도 경주시 황오동,사망사고,1,0,0,0,차대사람 - 기타,안전운전불이행,포장 - 젖음/습기,흐림,단일로 - 기타,승용,남,63세,상해없음,보행자,남,62세,사망
1250,2021092100100330,2021년 9월 21일 21시,화요일,경상북도 포항시 북구 두호동,중상사고,0,1,0,0,차대사람 - 횡단중,안전운전불이행,포장 - 건조,맑음,교차로 - 교차로부근,승용,남,63세,상해없음,보행자,여,40세,중상
1251,2021092200100027,2021년 9월 22일 02시,수요일,경상북도 구미시 인의동,경상사고,0,0,1,0,차대사람 - 차도통행중,안전운전불이행,포장 - 건조,맑음,단일로 - 기타,승용,남,51세,상해없음,보행자,여,66세,경상
1252,2021092200100277,2021년 9월 22일 17시,수요일,경상북도 청송군 파천면,중상사고,0,1,0,0,차대사람 - 차도통행중,안전운전불이행,포장 - 건조,맑음,단일로 - 지하차도(도로)내,화물,남,58세,상해없음,보행자,여,67세,중상
1253,2021092200100328,2021년 9월 22일 19시,수요일,경상북도 구미시 지산동,중상사고,0,1,0,0,차대사람 - 횡단중,안전운전불이행,포장 - 건조,맑음,교차로 - 교차로부근,승용,남,59세,상해없음,보행자,여,70세,중상
1254,2021092200100372,2021년 9월 22일 21시,수요일,경상북도 김천시 신음동,경상사고,0,0,1,0,차대사람 - 기타,보행자보호의무위반,포장 - 건조,맑음,교차로 - 교차로안,자전거,남,15세,상해없음,보행자,여,16세,경상
1255,2021092200100375,2021년 9월 22일 21시,수요일,경상북도 포항시 남구 상도동,중상사고,0,1,0,0,차대사람 - 횡단중,안전운전불이행,포장 - 건조,맑음,교차로 - 교차로횡단보도내,승용,남,33세,상해없음,보행자,여,13세,중상
1256,2021092200100404,2021년 9월 22일 22시,수요일,경상북도 포항시 북구 죽도동,중상사고,0,1,0,0,차대사람 - 차도통행중,안전운전불이행,포장 - 건조,맑음,단일로 - 기타,승용,남,50세,상해없음,보행자,여,27세,중상
1257,2021092300100034,2021년 9월 23일 06시,목요일,경상북도 청도군 화양읍,중상사고,0,1,0,0,차대사람 - 횡단중,보행자보호의무위반,포장 - 건조,맑음,교차로 - 교차로횡단보도내,승용,남,63세,상해없음,보행자,여,74세,중상
1258,2021092300100124,2021년 9월 23일 09시,목요일,경상북도 영덕군 강구면,중상사고,0,2,0,0,차대사람 - 횡단중,안전운전불이행,포장 - 건조,맑음,단일로 - 기타,승용,남,46세,중상,보행자,여,81세,중상
1259,2021092300100197,2021년 9월 23일 11시,목요일,경상북도 청송군 주왕산면,중상사고,0,1,0,0,차대사람 - 차도통행중,안전운전불이행,포장 - 건조,맑음,단일로 - 지하차도(도로)내,승용,여,55세,상해없음,보행자,여,72세,중상
1260,2021092300100260,2021년 9월 23일 13시,목요일,경상북도 김천시 남면,경상사고,0,0,1,0,차대사람 - 길가장자리구역통행중,안전운전불이행,포장 - 건조,맑음,단일로 - 기타,승용,남,32세,상해없음,보행자,여,89세,경상
1261,2021092300100380,2021년 9월 23일 16시,목요일,경상북도 포항시 북구 학산동,경상사고,0,0,1,0,차대사람 - 차도통행중,안전운전불이행,포장 - 건조,맑음,단일로 - 기타,승용,여,47세,상해없음,보행자,남,17세,경상
1262,2021092400100319,2021년 9월 24일 15시,금요일,경상북도 경주시 안강읍,경상사고,0,0,1,0,차대사람 - 기타,안전운전불이행,포장 - 젖음/습기,비,단일로 - 기타,승용,여,61세,상해없음,보행자,남,57세,경상
1263,2021092400100398,2021년 9월 24일 17시,금요일,경상북도 포항시 북구 득량동,경상사고,0,0,1,0,차대사람 - 기타,안전운전불이행,포장 - 건조,맑음,기타 - 기타,개인형이동수단(PM),남,22세,상해없음,보행자,여,65세,경상
1264,2021092400100401,2021년 9월 24일 17시,금요일,경상북도 문경시 점촌동,부상신고사고,0,0,0,1,차대사람 - 기타,안전운전불이행,포장 - 건조,맑음,교차로 - 교차로안,승용,남,52세,상해없음,보행자,남,15세,부상신고
1265,2021092500100005,2021년 9월 25일 00시,토요일,경상북도 포항시 남구 해도동,경상사고,0,0,1,0,차대사람 - 기타,신호위반,포장 - 건조,맑음,교차로 - 교차로횡단보도내,기타불명,기타불명,미분류,기타불명,보행자,남,53세,경상
1266,2021092500100125,2021년 9월 25일 11시,토요일,경상북도 칠곡군 왜관읍,중상사고,0,1,0,0,차대사람 - 길가장자리구역통행중,안전운전불이행,포장 - 젖음/습기,비,단일로 - 기타,승용,남,67세,상해없음,보행자,남,64세,중상
1267,2021092500100128,2021년 9월 25일 11시,토요일,경상북도 영덕군 영덕읍,경상사고,0,0,1,0,차대사람 - 보도통행중,안전운전불이행,포장 - 건조,맑음,단일로 - 기타,승용,남,75세,상해없음,보행자,남,22세,경상
1268,2021092500100176,2021년 9월 25일 13시,토요일,경상북도 고령군 다산면,부상신고사고,0,0,0,1,차대사람 - 기타,안전운전불이행,포장 - 젖음/습기,비,단일로 - 기타,자전거,여,59세,부상신고,보행자,여,60세,상해없음
1269,2021092500100318,2021년 9월 25일 17시,토요일,경상북도 경산시 하양읍,경상사고,0,0,1,0,차대사람 - 횡단중,보행자보호의무위반,포장 - 건조,맑음,교차로 - 교차로횡단보도내,승용,여,54세,상해없음,보행자,여,51세,경상
1270,2021092500100383,2021년 9월 25일 19시,토요일,경상북도 경주시 노서동,중상사고,0,1,0,0,차대사람 - 기타,안전운전불이행,포장 - 건조,맑음,단일로 - 기타,이륜,여,36세,상해없음,보행자,남,75세,중상
1271,2021092500100460,2021년 9월 25일 22시,토요일,경상북도 경산시 중산동,경상사고,0,0,1,0,차대사람 - 횡단중,보행자보호의무위반,포장 - 건조,맑음,교차로 - 교차로부근,승용,남,40세,상해없음,보행자,남,21세,경상
1272,2021092600100249,2021년 9월 26일 16시,일요일,경상북도 김천시 신음동,경상사고,0,0,1,0,차대사람 - 횡단중,보행자보호의무위반,포장 - 건조,맑음,기타 - 기타,승용,남,79세,상해없음,보행자,남,1세,경상
1273,2021092600100274,2021년 9월 26일 17시,일요일,경상북도 안동시 삼산동,경상사고,0,0,1,0,차대사람 - 기타,안전운전불이행,포장 - 건조,맑음,교차로 - 교차로부근,승용,남,57세,상해없음,보행자,남,41세,경상
1274,2021092600100392,2021년 9월 26일 22시,일요일,경상북도 영주시 가흥동,중상사고,0,1,0,0,차대사람 - 기타,안전운전불이행,포장 - 건조,맑음,기타 - 기타,승용,남,32세,상해없음,보행자,남,25세,중상
1275,2021092700100094,2021년 9월 27일 08시,월요일,경상북도 포항시 북구 용흥동,경상사고,0,0,1,0,차대사람 - 횡단중,보행자보호의무위반,포장 - 건조,맑음,교차로 - 교차로안,승용,남,66세,상해없음,보행자,여,52세,경상
1276,2021092700100149,2021년 9월 27일 10시,월요일,경상북도 안동시 법상동,경상사고,0,0,1,0,차대사람 - 횡단중,안전운전불이행,포장 - 건조,맑음,단일로 - 기타,승용,여,60세,상해없음,보행자,남,59세,경상
1277,2021092700100429,2021년 9월 27일 18시,월요일,경상북도 영주시 가흥동,중상사고,0,1,0,1,차대사람 - 차도통행중,안전운전불이행,포장 - 젖음/습기,비,교차로 - 교차로부근,이륜,남,18세,부상신고,보행자,여,88세,중상
1278,2021092700100467,2021년 9월 27일 19시,월요일,경상북도 안동시 옥동,경상사고,0,0,1,0,차대사람 - 횡단중,보행자보호의무위반,포장 - 건조,맑음,단일로 - 기타,이륜,남,25세,상해없음,보행자,여,43세,경상
1279,2021092800100208,2021년 9월 28일 12시,화요일,경상북도 구미시 도량동,중상사고,0,1,0,1,차대사람 - 횡단중,안전운전불이행,포장 - 건조,맑음,단일로 - 기타,이륜,남,60세,부상신고,보행자,여,61세,중상
1280,2021092800100423,2021년 9월 28일 18시,화요일,경상북도 안동시 옥동,중상사고,0,1,0,0,차대사람 - 횡단중,보행자보호의무위반,포장 - 젖음/습기,비,교차로 - 교차로횡단보도내,화물,남,28세,상해없음,보행자,여,28세,중상
1281,2021092800100425,2021년 9월 28일 18시,화요일,경상북도 영천시 금호읍,중상사고,0,1,0,0,차대사람 - 기타,안전운전불이행,포장 - 건조,흐림,교차로 - 교차로부근,승용,여,57세,상해없음,보행자,여,75세,중상
1282,2021092800100426,2021년 9월 28일 18시,화요일,경상북도 영천시 화산면,경상사고,0,0,1,0,차대사람 - 길가장자리구역통행중,안전운전불이행,포장 - 건조,맑음,단일로 - 기타,승용,여,67세,상해없음,보행자,여,31세,경상
1283,2021092800100556,2021년 9월 28일 21시,화요일,경상북도 포항시 남구 대잠동,중상사고,0,2,0,0,차대사람 - 횡단중,안전운전불이행,포장 - 건조,맑음,단일로 - 기타,이륜,남,33세,중상,보행자,남,13세,중상
1284,2021092800100615,2021년 9월 28일 23시,화요일,경상북도 안동시 옥동,경상사고,0,0,1,0,차대사람 - 기타,안전운전불이행,포장 - 건조,맑음,교차로 - 교차로부근,이륜,남,62세,상해없음,보행자,남,32세,경상
1285,2021092900100036,2021년 9월 29일 05시,수요일,경상북도 칠곡군 북삼읍,중상사고,0,1,0,0,차대사람 - 차도통행중,안전운전불이행,포장 - 건조,맑음,단일로 - 기타,승용,남,28세,상해없음,보행자,남,59세,중상
1286,2021092900100454,2021년 9월 29일 18시,수요일,경상북도 영주시 영주동,중상사고,0,2,0,0,차대사람 - 횡단중,보행자보호의무위반,포장 - 젖음/습기,비,교차로 - 교차로횡단보도내,승용,여,55세,상해없음,보행자,여,19세,중상
1287,2021092900100456,2021년 9월 29일 18시,수요일,경상북도 포항시 남구 연일읍,경상사고,0,0,1,0,차대사람 - 횡단중,보행자보호의무위반,포장 - 젖음/습기,비,단일로 - 지하차도(도로)내,승용,남,33세,상해없음,보행자,남,59세,경상
1288,2021092900100504,2021년 9월 29일 19시,수요일,경상북도 경주시 현곡면,경상사고,0,0,1,0,차대사람 - 횡단중,보행자보호의무위반,포장 - 젖음/습기,비,교차로 - 교차로횡단보도내,화물,남,27세,상해없음,보행자,남,16세,경상
1289,2021093000100206,2021년 9월 30일 11시,목요일,경상북도 포항시 남구 대도동,부상신고사고,0,0,0,1,차대사람 - 길가장자리구역통행중,안전운전불이행,포장 - 건조,맑음,단일로 - 기타,승용,여,64세,상해없음,보행자,남,24세,부상신고
1290,2021100100100163,2021년 10월 1일 10시,금요일,경상북도 문경시 문경읍,경상사고,0,0,1,0,차대사람 - 보도통행중,안전운전불이행,포장 - 건조,맑음,단일로 - 기타,승용,남,45세,상해없음,보행자,여,85세,경상
1291,2021100100100284,2021년 10월 1일 13시,금요일,경상북도 구미시 원평동,경상사고,0,0,1,0,차대사람 - 횡단중,보행자보호의무위반,포장 - 건조,맑음,교차로 - 교차로횡단보도내,승용,여,49세,상해없음,보행자,남,9세,경상
1292,2021100100100316,2021년 10월 1일 14시,금요일,경상북도 김천시 용두동,경상사고,0,0,1,0,차대사람 - 횡단중,보행자보호의무위반,포장 - 건조,맑음,교차로 - 교차로횡단보도내,승용,남,58세,상해없음,보행자,남,87세,경상
1293,2021100100100411,2021년 10월 1일 16시,금요일,경상북도 경산시 정평동,경상사고,0,0,1,0,차대사람 - 기타,안전운전불이행,포장 - 건조,맑음,단일로 - 기타,승용,여,61세,상해없음,보행자,여,56세,경상
1294,2021100100100412,2021년 10월 1일 16시,금요일,경상북도 포항시 남구 동해면,중상사고,0,1,0,0,차대사람 - 기타,안전운전불이행,포장 - 건조,맑음,단일로 - 기타,기타불명,기타불명,미분류,기타불명,보행자,남,66세,중상
1295,2021100100100464,2021년 10월 1일 17시,금요일,경상북도 상주시 공검면,중상사고,0,1,0,0,차대사람 - 길가장자리구역통행중,안전운전불이행,포장 - 건조,맑음,단일로 - 기타,화물,남,74세,상해없음,보행자,여,82세,중상
1296,2021100100100514,2021년 10월 1일 18시,금요일,경상북도 예천군 호명면,중상사고,0,1,0,0,차대사람 - 차도통행중,안전운전불이행,포장 - 건조,맑음,교차로 - 교차로안,승용,남,55세,상해없음,보행자,여,62세,중상
1297,2021100100100515,2021년 10월 1일 18시,금요일,경상북도 울진군 울진읍,사망사고,1,0,0,0,차대사람 - 기타,안전운전불이행,포장 - 건조,맑음,단일로 - 기타,승용,여,24세,상해없음,보행자,남,58세,사망
1298,2021100100100619,2021년 10월 1일 21시,금요일,경상북도 안동시 옥동,중상사고,0,1,0,0,차대사람 - 횡단중,보행자보호의무위반,포장 - 건조,맑음,교차로 - 교차로부근,승용,남,43세,상해없음,보행자,남,68세,중상
1299,2021100100100620,2021년 10월 1일 21시,금요일,경상북도 영천시 야사동,부상신고사고,0,0,0,1,차대사람 - 횡단중,안전운전불이행,포장 - 건조,맑음,단일로 - 기타,이륜,남,24세,상해없음,보행자,남,58세,부상신고
1300,2021100100100674,2021년 10월 1일 22시,금요일,경상북도 영덕군 영덕읍,경상사고,0,0,1,0,차대사람 - 횡단중,안전운전불이행,포장 - 건조,맑음,교차로 - 교차로안,화물,남,46세,상해없음,보행자,남,48세,경상
1301,2021100200100072,2021년 10월 2일 08시,토요일,경상북도 상주시 남성동,중상사고,0,1,0,0,차대사람 - 기타,안전운전불이행,포장 - 건조,맑음,교차로 - 교차로부근,화물,남,67세,상해없음,보행자,여,68세,중상
1302,2021100200100127,2021년 10월 2일 10시,토요일,경상북도 포항시 북구 두호동,경상사고,0,0,3,0,차대사람 - 횡단중,안전운전불이행,포장 - 건조,맑음,단일로 - 기타,이륜,남,21세,경상,보행자,여,29세,경상
1303,2021100200100132,2021년 10월 2일 10시,토요일,경상북도 구미시 남통동,경상사고,0,0,1,0,차대사람 - 횡단중,보행자보호의무위반,포장 - 건조,맑음,교차로 - 교차로안,화물,남,52세,상해없음,보행자,남,36세,경상
1304,2021100200100302,2021년 10월 2일 14시,토요일,경상북도 안동시 와룡면,중상사고,0,1,0,0,차대사람 - 횡단중,안전운전불이행,포장 - 건조,맑음,단일로 - 기타,승용,여,67세,상해없음,보행자,여,83세,중상
1305,2021100200100338,2021년 10월 2일 15시,토요일,경상북도 경산시 진량읍,경상사고,0,0,1,0,차대사람 - 기타,안전운전불이행,포장 - 건조,맑음,교차로 - 교차로부근,승용,남,60세,상해없음,보행자,남,3세,경상
1306,2021100200100340,2021년 10월 2일 15시,토요일,경상북도 구미시 봉곡동,경상사고,0,0,1,0,차대사람 - 기타,안전운전불이행,포장 - 건조,맑음,단일로 - 기타,승용,남,58세,상해없음,보행자,남,45세,경상
1307,2021100200100389,2021년 10월 2일 16시,토요일,경상북도 경주시 황남동,중상사고,0,1,0,0,차대사람 - 횡단중,안전운전불이행,포장 - 건조,맑음,단일로 - 기타,승용,남,28세,상해없음,보행자,여,9세,중상
1308,2021100200100468,2021년 10월 2일 18시,토요일,경상북도 칠곡군 왜관읍,중상사고,0,1,0,0,차대사람 - 횡단중,안전운전불이행,포장 - 건조,맑음,교차로 - 교차로안,승용,남,70세,상해없음,보행자,여,88세,중상
1309,2021100200100523,2021년 10월 2일 19시,토요일,경상북도 김천시 평화동,경상사고,0,0,2,0,차대사람 - 횡단중,신호위반,포장 - 건조,맑음,미분류 - 미분류,승용,남,69세,상해없음,보행자,여,27세,경상
1310,2021100200100524,2021년 10월 2일 19시,토요일,경상북도 구미시 고아읍,경상사고,0,0,1,0,차대사람 - 보도통행중,안전운전불이행,포장 - 건조,맑음,단일로 - 기타,이륜,남,58세,상해없음,보행자,여,64세,경상
1311,2021100300100043,2021년 10월 3일 06시,일요일,경상북도 영주시 안정면,중상사고,0,1,0,0,차대사람 - 차도통행중,안전운전불이행,포장 - 건조,맑음,단일로 - 기타,화물,남,63세,기타불명,보행자,여,70세,중상
1312,2021100300100303,2021년 10월 3일 16시,일요일,경상북도 영덕군 강구면,경상사고,0,0,1,0,차대사람 - 길가장자리구역통행중,안전운전불이행,포장 - 건조,맑음,단일로 - 기타,승용,남,62세,상해없음,보행자,여,41세,경상
1313,2021100300100334,2021년 10월 3일 17시,일요일,경상북도 김천시 감문면,중상사고,0,1,0,0,차대사람 - 횡단중,안전운전불이행,포장 - 건조,맑음,단일로 - 기타,화물,남,53세,상해없음,보행자,남,75세,중상
1314,2021100300100335,2021년 10월 3일 17시,일요일,경상북도 경산시 하양읍,중상사고,0,1,0,0,차대사람 - 기타,안전운전불이행,포장 - 건조,맑음,단일로 - 기타,자전거,남,40세,상해없음,보행자,여,75세,중상
1315,2021100300100422,2021년 10월 3일 19시,일요일,경상북도 포항시 남구 연일읍,중상사고,0,1,0,0,차대사람 - 횡단중,보행자보호의무위반,포장 - 건조,맑음,교차로 - 교차로횡단보도내,승용,여,42세,상해없음,보행자,여,63세,중상
1316,2021100300100504,2021년 10월 3일 22시,일요일,경상북도 경산시 조영동,경상사고,0,0,1,0,차대사람 - 횡단중,안전운전불이행,포장 - 건조,맑음,교차로 - 교차로안,승용,여,20세,상해없음,보행자,여,22세,경상
1317,2021100400100049,2021년 10월 4일 07시,월요일,경상북도 경주시 성건동,중상사고,0,1,0,0,차대사람 - 횡단중,안전운전불이행,포장 - 건조,맑음,단일로 - 기타,승합,남,57세,상해없음,보행자,여,77세,중상
1318,2021100400100149,2021년 10월 4일 12시,월요일,경상북도 영천시 대창면,중상사고,0,1,0,0,차대사람 - 횡단중,보행자보호의무위반,포장 - 건조,맑음,교차로 - 교차로횡단보도내,승용,남,70세,상해없음,보행자,남,83세,중상
1319,2021100400100191,2021년 10월 4일 13시,월요일,경상북도 구미시 원평동,경상사고,0,0,1,0,차대사람 - 기타,안전운전불이행,포장 - 건조,맑음,주차장 - 주차장,승합,남,44세,상해없음,보행자,남,67세,경상