,사고번호,사고일시,요일,시군구,사고내용,사망자수,중상자수,경상자수,부상신고자수,사고유형,법규위반,노면상태,기상상태,도로형태,가해운전자 차종,가해운전자 성별,가해운전자 연령,가해운전자 상해정도,피해운전자 차종,피해운전자 성별,피해운전자 연령,피해운전자 상해정도
1537,2021110400100572,2021년 11월 4일 20시,목요일,경상북도 경주시 성건동,중상사고,0,1,0,0,차대사람 - 횡단중,안전운전불이행,포장 - 건조,맑음,교차로 - 교차로안,승용,남,32세,상해없음,보행자,남,12세,중상
1538,2021110500100022,2021년 11월 5일 01시,금요일,경상북도 경산시 압량읍,사망사고,1,0,0,0,차대사람 - 횡단중,과속,포장 - 건조,맑음,교차로 - 교차로안,승용,여,58세,상해없음,보행자,남,54세,사망
1539,2021110500100324,2021년 11월 5일 14시,금요일,경상북도 포항시 남구 오천읍,사망사고,1,0,0,0,차대사람 - 차도통행중,안전운전불이행,포장 - 건조,맑음,교차로 - 교차로안,승용,남,44세,상해없음,보행자,남,64세,사망
1540,2021110500100355,2021년 11월 5일 15시,금요일,경상북도 포항시 북구 장성동,경상사고,0,0,1,0,차대사람 - 기타,중앙선침범,포장 - 건조,맑음,교차로 - 교차로부근,화물,남,59세,상해없음,보행자,여,55세,경상
1541,2021110500100393,2021년 11월 5일 16시,금요일,경상북도 포항시 북구 장성동,경상사고,0,0,1,0,차대사람 - 길가장자리구역통행중,안전운전불이행,포장 - 건조,맑음,단일로 - 기타,개인형이동수단(PM),남,18세,상해없음,보행자,남,5세,경상
1542,2021110500100519,2021년 11월 5일 18시,금요일,경상북도 김천시 용두동,경상사고,0,0,1,0,차대사람 - 기타,안전운전불이행,포장 - 건조,맑음,교차로 - 교차로부근,승용,남,61세,상해없음,보행자,남,58세,경상
1543,2021110500100569,2021년 11월 5일 19시,금요일,경상북도 경주시 용강동,경상사고,0,0,1,0,차대사람 - 기타,안전운전불이행,포장 - 건조,맑음,단일로 - 기타,승용,남,60세,상해없음,보행자,여,61세,경상
1544,2021110500100675,2021년 11월 5일 22시,금요일,경상북도 경주시 건천읍,사망사고,1,0,0,0,차대사람 - 기타,안전운전불이행,포장 - 건조,맑음,단일로 - 기타,승용,여,38세,상해없음,보행자,남,65세,사망
1545,2021110600100016,2021년 11월 6일 00시,토요일,경상북도 포항시 남구 오천읍,경상사고,0,0,1,0,차대사람 - 기타,기타,포장 - 건조,맑음,단일로 - 기타,승용,남,42세,상해없음,보행자,여,23세,경상
1546,2021110600100050,2021년 11월 6일 03시,토요일,경상북도 구미시 봉곡동,경상사고,0,0,1,0,차대사람 - 기타,안전운전불이행,포장 - 건조,맑음,단일로 - 기타,승용,남,21세,상해없음,보행자,남,20세,경상
1547,2021110600100139,2021년 11월 6일 10시,토요일,경상북도 경산시 하양읍,경상사고,0,0,1,0,차대사람 - 횡단중,안전운전불이행,포장 - 건조,맑음,교차로 - 교차로안,승용,여,59세,상해없음,보행자,여,78세,경상
1548,2021110600100291,2021년 11월 6일 14시,토요일,경상북도 영천시 완산동,경상사고,0,0,1,0,차대사람 - 기타,안전운전불이행,포장 - 건조,맑음,단일로 - 기타,승용,남,68세,상해없음,보행자,남,53세,경상
1549,2021110600100418,2021년 11월 6일 17시,토요일,경상북도 경주시 외동읍,경상사고,0,0,1,0,차대사람 - 기타,안전운전불이행,포장 - 건조,맑음,교차로 - 교차로부근,화물,남,58세,상해없음,보행자,남,64세,경상
1550,2021110600100419,2021년 11월 6일 17시,토요일,경상북도 포항시 북구 청하면,경상사고,0,0,1,0,차대사람 - 길가장자리구역통행중,중앙선침범,포장 - 건조,맑음,단일로 - 기타,승용,남,19세,상해없음,보행자,남,60세,경상
1551,2021110600100422,2021년 11월 6일 17시,토요일,경상북도 구미시 오태동,경상사고,0,0,1,0,차대사람 - 기타,안전운전불이행,포장 - 건조,맑음,기타 - 기타,승용,남,44세,상해없음,보행자,여,34세,경상
1552,2021110600100576,2021년 11월 6일 21시,토요일,경상북도 칠곡군 북삼읍,경상사고,0,0,1,0,차대사람 - 횡단중,안전운전불이행,포장 - 건조,흐림,교차로 - 교차로안,승용,남,47세,상해없음,보행자,남,62세,경상
1553,2021110700100011,2021년 11월 7일 00시,일요일,경상북도 구미시 사곡동,경상사고,0,0,1,0,차대사람 - 기타,안전운전불이행,포장 - 건조,맑음,교차로 - 교차로횡단보도내,승용,남,57세,상해없음,보행자,남,24세,경상
1554,2021110700100270,2021년 11월 7일 15시,일요일,경상북도 경산시 용성면,중상사고,0,1,0,0,차대사람 - 횡단중,안전운전불이행,포장 - 젖음/습기,맑음,단일로 - 기타,승용,남,65세,상해없음,보행자,여,87세,중상
1555,2021110700100311,2021년 11월 7일 16시,일요일,경상북도 경주시 황남동,중상사고,0,1,0,0,차대사람 - 기타,안전운전불이행,포장 - 건조,맑음,단일로 - 기타,승용,남,64세,상해없음,보행자,남,28세,중상
1556,2021110700100338,2021년 11월 7일 17시,일요일,경상북도 경주시 성건동,경상사고,0,0,1,0,차대사람 - 기타,보행자보호의무위반,포장 - 건조,맑음,교차로 - 교차로횡단보도내,승용,남,72세,상해없음,보행자,남,10세,경상
1557,2021110800100121,2021년 11월 8일 08시,월요일,경상북도 군위군 군위읍,중상사고,0,1,0,0,차대사람 - 횡단중,안전운전불이행,포장 - 건조,맑음,단일로 - 기타,화물,남,47세,상해없음,보행자,남,79세,중상
1558,2021110800100194,2021년 11월 8일 10시,월요일,경상북도 포항시 남구 송도동,경상사고,0,0,1,0,차대사람 - 기타,안전운전불이행,포장 - 건조,맑음,단일로 - 기타,승용,여,53세,상해없음,보행자,여,48세,경상
1559,2021110800100302,2021년 11월 8일 13시,월요일,경상북도 청송군 진보면,중상사고,0,1,0,0,차대사람 - 횡단중,안전운전불이행,포장 - 건조,맑음,단일로 - 지하차도(도로)내,승합,남,50세,상해없음,보행자,남,82세,중상
1560,2021110800100461,2021년 11월 8일 17시,월요일,경상북도 영천시 문외동,경상사고,0,0,1,0,차대사람 - 횡단중,보행자보호의무위반,포장 - 건조,맑음,교차로 - 교차로안,승용,남,78세,상해없음,보행자,여,31세,경상
1561,2021110800100523,2021년 11월 8일 18시,월요일,경상북도 포항시 북구 학산동,중상사고,0,1,0,0,차대사람 - 횡단중,보행자보호의무위반,포장 - 건조,맑음,단일로 - 기타,승용,남,23세,상해없음,보행자,남,31세,중상
1562,2021110800100527,2021년 11월 8일 18시,월요일,경상북도 봉화군 재산면,중상사고,0,1,0,0,차대사람 - 기타,안전운전불이행,포장 - 건조,맑음,기타 - 기타,승용,남,27세,상해없음,보행자,여,52세,중상
1563,2021110800100528,2021년 11월 8일 18시,월요일,경상북도 포항시 남구 대잠동,경상사고,0,0,1,0,차대사람 - 기타,안전운전불이행,포장 - 건조,맑음,교차로 - 교차로안,승용,여,24세,상해없음,보행자,남,54세,경상
1564,2021110800100580,2021년 11월 8일 19시,월요일,경상북도 포항시 북구 양덕동,경상사고,0,0,1,0,차대사람 - 차도통행중,안전운전불이행,포장 - 건조,맑음,단일로 - 기타,승용,여,54세,상해없음,보행자,여,74세,경상
1565,2021110900100167,2021년 11월 9일 10시,화요일,경상북도 안동시 목성동,중상사고,0,1,0,0,차대사람 - 기타,안전운전불이행,포장 - 건조,맑음,기타 - 기타,승용,여,40세,상해없음,보행자,여,72세,중상
1566,2021110900100211,2021년 11월 9일 11시,화요일,경상북도 상주시 모서면,경상사고,0,0,1,0,차대사람 - 기타,안전운전불이행,포장 - 젖음/습기,흐림,단일로 - 기타,승용,여,61세,상해없음,보행자,남,52세,경상
1567,2021110900100318,2021년 11월 9일 14시,화요일,경상북도 영주시 하망동,중상사고,0,1,0,0,차대사람 - 횡단중,보행자보호의무위반,포장 - 건조,맑음,교차로 - 교차로횡단보도내,승합,남,70세,상해없음,보행자,남,85세,중상
1568,2021110900100319,2021년 11월 9일 14시,화요일,경상북도 포항시 남구 해도동,중상사고,0,1,0,0,차대사람 - 길가장자리구역통행중,안전운전불이행,포장 - 건조,맑음,단일로 - 기타,승용,여,52세,상해없음,보행자,여,70세,중상
1569,2021110900100438,2021년 11월 9일 17시,화요일,경상북도 영주시 휴천동,중상사고,0,1,0,0,차대사람 - 기타,안전운전불이행,포장 - 젖음/습기,흐림,교차로 - 교차로부근,화물,남,72세,상해없음,보행자,여,69세,중상
1570,2021110900100439,2021년 11월 9일 17시,화요일,경상북도 성주군 선남면,경상사고,0,0,1,0,차대사람 - 차도통행중,안전운전불이행,포장 - 건조,흐림,교차로 - 교차로부근,승용,남,47세,상해없음,보행자,여,56세,경상
1571,2021110900100500,2021년 11월 9일 18시,화요일,경상북도 영주시 하망동,중상사고,0,1,0,0,차대사람 - 차도통행중,안전운전불이행,포장 - 건조,맑음,교차로 - 교차로안,승용,여,51세,상해없음,보행자,여,72세,중상
1572,2021110900100502,2021년 11월 9일 18시,화요일,경상북도 경산시 사동,중상사고,0,1,0,0,차대사람 - 횡단중,보행자보호의무위반,포장 - 건조,맑음,교차로 - 교차로부근,승합,남,37세,상해없음,보행자,여,15세,중상
1573,2021111000100239,2021년 11월 10일 12시,수요일,경상북도 포항시 북구 죽도동,사망사고,1,0,0,0,차대사람 - 횡단중,안전운전불이행,포장 - 건조,맑음,단일로 - 기타,이륜,남,26세,상해없음,보행자,여,94세,사망
1574,2021111000100518,2021년 11월 10일 19시,수요일,경상북도 포항시 남구 오천읍,경상사고,0,0,1,0,차대사람 - 길가장자리구역통행중,안전운전불이행,포장 - 건조,맑음,단일로 - 기타,승용,남,51세,상해없음,보행자,남,38세,경상
1575,2021111000100556,2021년 11월 10일 20시,수요일,경상북도 포항시 남구 효자동,경상사고,0,0,1,0,차대사람 - 횡단중,보행자보호의무위반,포장 - 건조,맑음,교차로 - 교차로안,승용,남,73세,상해없음,보행자,여,66세,경상
1576,2021111100100054,2021년 11월 11일 06시,목요일,경상북도 구미시 도량동,중상사고,0,1,0,0,차대사람 - 횡단중,안전운전불이행,포장 - 건조,맑음,단일로 - 기타,승용,남,39세,상해없음,보행자,여,77세,중상
1577,2021111100100089,2021년 11월 11일 07시,목요일,경상북도 포항시 북구 양덕동,중상사고,0,1,0,0,차대사람 - 횡단중,안전운전불이행,포장 - 건조,맑음,교차로 - 교차로횡단보도내,화물,남,66세,상해없음,보행자,여,71세,중상
1578,2021111100100091,2021년 11월 11일 07시,목요일,경상북도 구미시 도량동,경상사고,0,0,1,0,차대사람 - 기타,안전운전불이행,포장 - 건조,맑음,기타 - 기타,승용,여,48세,기타불명,보행자,여,53세,경상
1579,2021111100100092,2021년 11월 11일 07시,목요일,경상북도 포항시 남구 송도동,중상사고,0,1,0,0,차대사람 - 횡단중,보행자보호의무위반,포장 - 건조,맑음,교차로 - 교차로횡단보도내,화물,남,82세,상해없음,보행자,여,83세,중상
1580,2021111100100355,2021년 11월 11일 15시,목요일,경상북도 김천시 교동,중상사고,0,1,0,0,차대사람 - 차도통행중,안전운전불이행,포장 - 건조,맑음,기타 - 기타,이륜,남,16세,상해없음,보행자,남,57세,중상
1581,2021111100100356,2021년 11월 11일 15시,목요일,경상북도 상주시 공성면,중상사고,0,1,0,0,차대사람 - 차도통행중,안전운전불이행,포장 - 젖음/습기,비,단일로 - 기타,승용,여,38세,상해없음,보행자,여,74세,중상
1582,2021111100100499,2021년 11월 11일 18시,목요일,경상북도 울진군 근남면,사망사고,1,0,0,0,차대사람 - 횡단중,안전운전불이행,포장 - 건조,맑음,교차로 - 교차로부근,화물,여,19세,상해없음,보행자,여,79세,사망
1583,2021111100100500,2021년 11월 11일 18시,목요일,경상북도 구미시 신평동,경상사고,0,0,1,0,차대사람 - 횡단중,보행자보호의무위반,포장 - 건조,맑음,교차로 - 교차로횡단보도내,승용,남,47세,상해없음,보행자,남,35세,경상
1584,2021111100100604,2021년 11월 11일 21시,목요일,경상북도 포항시 남구 해도동,중상사고,0,1,0,0,차대사람 - 횡단중,안전운전불이행,포장 - 건조,맑음,단일로 - 기타,승용,여,35세,상해없음,보행자,남,65세,중상
1585,2021111100100631,2021년 11월 11일 22시,목요일,경상북도 칠곡군 석적읍,경상사고,0,0,1,0,차대사람 - 기타,안전운전불이행,포장 - 건조,맑음,교차로 - 교차로안,화물,남,40세,상해없음,보행자,여,33세,경상
1586,2021111200100110,2021년 11월 12일 08시,금요일,경상북도 칠곡군 북삼읍,경상사고,0,0,1,0,차대사람 - 기타,안전운전불이행,포장 - 건조,맑음,단일로 - 기타,승용,남,49세,상해없음,보행자,남,46세,경상
1587,2021111200100111,2021년 11월 12일 08시,금요일,경상북도 경산시 중방동,경상사고,0,0,1,0,차대사람 - 보도통행중,보행자보호의무위반,포장 - 건조,맑음,교차로 - 교차로안,승용,남,50세,상해없음,보행자,남,7세,경상
1588,2021111200100112,2021년 11월 12일 08시,금요일,경상북도 경산시 대정동,경상사고,0,0,1,0,차대사람 - 기타,안전운전불이행,포장 - 건조,맑음,단일로 - 기타,승용,남,66세,상해없음,보행자,남,12세,경상
1589,2021111200100113,2021년 11월 12일 08시,금요일,경상북도 영주시 이산면,중상사고,0,1,0,0,차대사람 - 기타,안전운전불이행,포장 - 건조,맑음,기타 - 기타,승용,여,43세,상해없음,보행자,여,68세,중상
1590,2021111200100149,2021년 11월 12일 09시,금요일,경상북도 군위군 군위읍,경상사고,0,0,1,0,차대사람 - 길가장자리구역통행중,안전운전불이행,포장 - 건조,맑음,단일로 - 기타,승용,여,74세,상해없음,보행자,여,79세,경상
1591,2021111200100248,2021년 11월 12일 12시,금요일,경상북도 포항시 북구 죽도동,경상사고,0,0,1,0,차대사람 - 횡단중,보행자보호의무위반,포장 - 건조,맑음,교차로 - 교차로부근,승용,남,66세,상해없음,보행자,여,36세,경상
1592,2021111200100286,2021년 11월 12일 13시,금요일,경상북도 경주시 용강동,경상사고,0,0,1,0,차대사람 - 횡단중,안전운전불이행,포장 - 건조,맑음,교차로 - 교차로안,승용,남,53세,상해없음,보행자,여,9세,경상
1593,2021111200100450,2021년 11월 12일 17시,금요일,경상북도 포항시 남구 해도동,경상사고,0,0,1,0,차대사람 - 길가장자리구역통행중,안전운전불이행,포장 - 건조,맑음,단일로 - 지하차도(도로)내,승용,여,37세,상해없음,보행자,여,28세,경상
1594,2021111200100507,2021년 11월 12일 18시,금요일,경상북도 영주시 상망동,경상사고,0,0,2,0,차대사람 - 횡단중,보행자보호의무위반,포장 - 건조,맑음,교차로 - 교차로횡단보도내,승용,여,40세,기타불명,보행자,여,70세,경상
1595,2021111300100223,2021년 11월 13일 11시,토요일,경상북도 예천군 용문면,중상사고,0,1,0,0,차대사람 - 기타,안전운전불이행,포장 - 건조,맑음,교차로 - 교차로안,승용,남,69세,상해없음,보행자,남,76세,중상
1596,2021111300100299,2021년 11월 13일 13시,토요일,경상북도 영주시 영주동,중상사고,0,1,0,0,차대사람 - 보도통행중,안전운전불이행,포장 - 건조,맑음,단일로 - 기타,승용,여,49세,상해없음,보행자,여,67세,중상
1597,2021111300100338,2021년 11월 13일 14시,토요일,경상북도 청송군 주왕산면,경상사고,0,0,1,0,차대사람 - 길가장자리구역통행중,안전운전불이행,포장 - 건조,맑음,단일로 - 지하차도(도로)내,승용,남,70세,상해없음,보행자,여,62세,경상
1598,2021111300100375,2021년 11월 13일 15시,토요일,경상북도 경주시 동천동,경상사고,0,0,1,0,차대사람 - 기타,안전운전불이행,포장 - 건조,맑음,교차로 - 교차로부근,승용,남,25세,상해없음,보행자,여,26세,경상
1599,2021111400100026,2021년 11월 14일 01시,일요일,경상북도 경산시 조영동,경상사고,0,0,1,0,차대사람 - 기타,안전운전불이행,포장 - 건조,맑음,단일로 - 기타,승용,남,44세,상해없음,보행자,남,24세,경상
1600,2021111400100175,2021년 11월 14일 12시,일요일,경상북도 경주시 노서동,중상사고,0,1,0,0,차대사람 - 횡단중,보행자보호의무위반,포장 - 건조,맑음,단일로 - 기타,승용,여,44세,상해없음,보행자,여,56세,중상
1601,2021111400100228,2021년 11월 14일 14시,일요일,경상북도 포항시 북구 송라면,경상사고,0,0,1,0,차대사람 - 횡단중,기타,포장 - 건조,맑음,단일로 - 기타,승용,남,68세,상해없음,보행자,남,9세,경상
1602,2021111400100229,2021년 11월 14일 14시,일요일,경상북도 상주시 낙동면,사망사고,1,0,0,0,차대사람 - 차도통행중,교차로운행방법위반,포장 - 건조,맑음,교차로 - 교차로부근,승용,여,53세,상해없음,보행자,여,82세,사망
1603,2021111400100400,2021년 11월 14일 19시,일요일,경상북도 포항시 북구 환호동,경상사고,0,0,1,0,차대사람 - 기타,안전운전불이행,포장 - 건조,맑음,교차로 - 교차로부근,승합,남,53세,상해없음,보행자,남,46세,경상
1604,2021111400100434,2021년 11월 14일 20시,일요일,경상북도 포항시 북구 우현동,중상사고,0,1,0,0,차대사람 - 횡단중,보행자보호의무위반,포장 - 건조,맑음,단일로 - 기타,승용,남,29세,상해없음,보행자,여,67세,중상
1605,2021111400100452,2021년 11월 14일 21시,일요일,경상북도 구미시 산동읍,경상사고,0,0,1,0,차대사람 - 기타,안전운전불이행,포장 - 건조,맑음,교차로 - 교차로부근,승용,남,55세,상해없음,보행자,여,18세,경상
1606,2021111400100467,2021년 11월 14일 22시,일요일,경상북도 영덕군 강구면,경상사고,0,0,1,0,차대사람 - 횡단중,안전운전불이행,포장 - 건조,맑음,단일로 - 기타,승용,남,47세,상해없음,보행자,여,58세,경상
1607,2021111500100200,2021년 11월 15일 11시,월요일,경상북도 칠곡군 석적읍,경상사고,0,0,1,0,차대사람 - 기타,안전운전불이행,포장 - 건조,맑음,주차장 - 주차장,화물,남,40세,상해없음,보행자,여,71세,경상
1608,2021111500100340,2021년 11월 15일 15시,월요일,경상북도 영주시 가흥동,중상사고,0,2,0,0,차대사람 - 횡단중,보행자보호의무위반,포장 - 건조,맑음,교차로 - 교차로안,화물,남,51세,상해없음,보행자,여,15세,중상
1609,2021111500100545,2021년 11월 15일 19시,월요일,경상북도 경주시 감포읍,경상사고,0,0,2,0,차대사람 - 길가장자리구역통행중,안전운전불이행,포장 - 건조,맑음,단일로 - 기타,승용,여,50세,상해없음,보행자,남,68세,경상
1610,2021111600100128,2021년 11월 16일 08시,화요일,경상북도 안동시 금곡동,경상사고,0,0,1,0,차대사람 - 보도통행중,신호위반,포장 - 건조,맑음,단일로 - 기타,이륜,남,82세,상해없음,보행자,남,9세,경상
1611,2021111600100130,2021년 11월 16일 08시,화요일,경상북도 영천시 야사동,경상사고,0,0,1,0,차대사람 - 횡단중,안전운전불이행,포장 - 건조,맑음,기타 - 기타,승용,여,71세,상해없음,보행자,남,63세,경상
1612,2021111600100275,2021년 11월 16일 12시,화요일,경상북도 영주시 영주동,경상사고,0,0,1,0,차대사람 - 기타,안전운전불이행,포장 - 건조,맑음,교차로 - 교차로안,승용,남,62세,상해없음,보행자,여,73세,경상
1613,2021111600100342,2021년 11월 16일 14시,화요일,경상북도 구미시 송정동,중상사고,0,1,0,0,차대사람 - 기타,안전운전불이행,포장 - 건조,맑음,기타 - 기타,승용,남,54세,상해없음,보행자,남,67세,중상
1614,2021111600100407,2021년 11월 16일 16시,화요일,경상북도 포항시 남구 해도동,경상사고,0,0,1,0,차대사람 - 횡단중,안전운전불이행,포장 - 건조,맑음,단일로 - 기타,승용,여,44세,상해없음,보행자,여,76세,경상
1615,2021111600100408,2021년 11월 16일 16시,화요일,경상북도 포항시 북구 죽도동,중상사고,0,1,0,0,차대사람 - 횡단중,안전운전불이행,포장 - 건조,맑음,단일로 - 기타,승용,남,74세,상해없음,보행자,여,71세,중상
1616,2021111600100410,2021년 11월 16일 16시,화요일,경상북도 칠곡군 왜관읍,중상사고,0,1,0,0,차대사람 - 차도통행중,안전운전불이행,포장 - 건조,맑음,단일로 - 기타,승용,남,69세,상해없음,보행자,여,23세,중상
1617,2021111600100511,2021년 11월 16일 18시,화요일,경상북도 포항시 북구 항구동,중상사고,0,1,0,0,차대사람 - 기타,안전운전불이행,포장 - 건조,맑음,단일로 - 기타,승용,남,35세,상해없음,보행자,여,58세,중상
1618,2021111600100553,2021년 11월 16일 19시,화요일,경상북도 경주시 동천동,경상사고,0,0,1,0,차대사람 - 횡단중,기타,포장 - 건조,맑음,교차로 - 교차로부근,승용,여,37세,상해없음,보행자,남,82세,경상
1619,2021111600100554,2021년 11월 16일 19시,화요일,경상북도 경주시 안강읍,경상사고,0,0,2,0,차대사람 - 차도통행중,안전운전불이행,포장 - 건조,맑음,단일로 - 지하차도(도로)내,승용,여,62세,상해없음,보행자,남,21세,경상
1620,2021111600100583,2021년 11월 16일 20시,화요일,경상북도 포항시 북구 득량동,경상사고,0,0,1,0,차대사람 - 기타,안전운전불이행,포장 - 건조,맑음,단일로 - 기타,자전거,남,58세,상해없음,보행자,여,56세,경상
1621,2021111700100014,2021년 11월 17일 01시,수요일,경상북도 칠곡군 북삼읍,경상사고,0,0,1,0,차대사람 - 기타,안전운전불이행,포장 - 건조,맑음,단일로 - 기타,승용,여,47세,상해없음,보행자,남,49세,경상
1622,2021111700100049,2021년 11월 17일 06시,수요일,경상북도 포항시 남구 송도동,중상사고,0,1,0,0,차대사람 - 횡단중,안전운전불이행,포장 - 건조,맑음,교차로 - 교차로안,승용,여,54세,상해없음,보행자,여,67세,중상
1623,2021111700100106,2021년 11월 17일 08시,수요일,경상북도 문경시 문경읍,중상사고,0,1,0,0,차대사람 - 기타,안전운전불이행,포장 - 건조,맑음,단일로 - 기타,건설기계,남,41세,상해없음,보행자,여,60세,중상
1624,2021111700100180,2021년 11월 17일 10시,수요일,경상북도 영천시 완산동,중상사고,0,1,0,0,차대사람 - 횡단중,보행자보호의무위반,포장 - 건조,맑음,교차로 - 교차로횡단보도내,화물,남,76세,상해없음,보행자,여,72세,중상
1625,2021111700100300,2021년 11월 17일 13시,수요일,경상북도 경주시 노동동,중상사고,0,1,0,0,차대사람 - 차도통행중,안전운전불이행,포장 - 건조,맑음,교차로 - 교차로안,승용,여,65세,상해없음,보행자,여,66세,중상
1626,2021111700100335,2021년 11월 17일 14시,수요일,경상북도 상주시 공성면,중상사고,0,1,0,0,차대사람 - 길가장자리구역통행중,안전운전불이행,포장 - 건조,맑음,단일로 - 기타,농기계,남,74세,상해없음,보행자,여,73세,중상
1627,2021111700100421,2021년 11월 17일 16시,수요일,경상북도 구미시 원평동,경상사고,0,0,1,0,차대사람 - 차도통행중,안전운전불이행,포장 - 건조,맑음,단일로 - 기타,승용,여,46세,상해없음,보행자,여,35세,경상
1628,2021111700100595,2021년 11월 17일 19시,수요일,경상북도 영천시 북안면,경상사고,0,0,1,0,차대사람 - 기타,안전운전불이행,포장 - 건조,맑음,단일로 - 기타,화물,남,68세,상해없음,보행자,남,63세,경상
1629,2021111800100268,2021년 11월 18일 13시,목요일,경상북도 포항시 북구 죽도동,경상사고,0,0,1,0,차대사람 - 기타,안전운전불이행,포장 - 건조,맑음,단일로 - 기타,승용,남,54세,상해없음,보행자,여,58세,경상
1630,2021111800100269,2021년 11월 18일 13시,목요일,경상북도 경산시 하양읍,중상사고,0,1,0,0,차대사람 - 기타,안전운전불이행,포장 - 건조,맑음,단일로 - 기타,원동기,남,22세,상해없음,보행자,여,47세,중상
1631,2021111800100468,2021년 11월 18일 18시,목요일,경상북도 영주시 영주동,경상사고,0,0,1,0,차대사람 - 차도통행중,교차로운행방법위반,포장 - 건조,맑음,교차로 - 교차로안,승용,남,69세,상해없음,보행자,남,55세,경상
1632,2021111800100471,2021년 11월 18일 18시,목요일,경상북도 구미시 황상동,중상사고,0,1,0,0,차대사람 - 횡단중,안전운전불이행,포장 - 건조,맑음,기타 - 기타,승용,남,58세,상해없음,보행자,여,43세,중상
1633,2021111800100472,2021년 11월 18일 18시,목요일,경상북도 포항시 남구 이동,중상사고,0,1,0,0,차대사람 - 횡단중,보행자보호의무위반,포장 - 건조,맑음,단일로 - 기타,기타불명,기타불명,미분류,기타불명,보행자,여,18세,중상
1634,2021111800100545,2021년 11월 18일 20시,목요일,경상북도 포항시 북구 죽도동,경상사고,0,0,1,0,차대사람 - 기타,안전운전불이행,포장 - 건조,맑음,단일로 - 기타,승용,남,66세,상해없음,보행자,남,61세,경상
1635,2021111800100567,2021년 11월 18일 21시,목요일,경상북도 칠곡군 왜관읍,부상신고사고,0,0,0,1,차대사람 - 횡단중,안전운전불이행,포장 - 건조,맑음,단일로 - 기타,기타불명,기타불명,미분류,기타불명,보행자,남,18세,부상신고
1636,2021111900100174,2021년 11월 19일 10시,금요일,경상북도 경산시 압량읍,중상사고,0,1,0,0,차대사람 - 기타,안전운전불이행,포장 - 건조,맑음,단일로 - 기타,승용,여,49세,상해없음,보행자,여,74세,중상
1637,2021111900100276,2021년 11월 19일 13시,금요일,경상북도 칠곡군 왜관읍,중상사고,0,1,0,0,차대사람 - 기타,안전운전불이행,포장 - 건조,맑음,단일로 - 기타,승용,남,41세,상해없음,보행자,남,66세,중상
1638,2021111900100381,2021년 11월 19일 16시,금요일,경상북도 포항시 북구 흥해읍,경상사고,0,0,1,0,차대사람 - 기타,안전운전불이행,포장 - 건조,맑음,단일로 - 기타,화물,남,80세,상해없음,보행자,남,75세,경상
1639,2021111900100600,2021년 11월 19일 20시,금요일,경상북도 구미시 형곡동,경상사고,0,0,1,0,차대사람 - 기타,안전운전불이행,포장 - 건조,맑음,교차로 - 교차로안,승용,남,45세,상해없음,보행자,남,38세,경상
1640,2021111900100626,2021년 11월 19일 21시,금요일,경상북도 포항시 북구 죽도동,중상사고,0,1,0,0,차대사람 - 횡단중,안전운전불이행,포장 - 건조,맑음,단일로 - 기타,승용,남,26세,상해없음,보행자,여,43세,중상
1641,2021111900100659,2021년 11월 19일 22시,금요일,경상북도 문경시 모전동,경상사고,0,0,1,0,차대사람 - 차도통행중,안전운전불이행,포장 - 건조,맑음,교차로 - 교차로안,승합,남,31세,상해없음,보행자,여,68세,경상
1642,2021112000100046,2021년 11월 20일 02시,토요일,경상북도 구미시 원평동,경상사고,0,0,1,0,차대사람 - 길가장자리구역통행중,안전운전불이행,포장 - 건조,맑음,단일로 - 기타,승용,남,21세,상해없음,보행자,남,25세,경상
1643,2021112000100080,2021년 11월 20일 06시,토요일,경상북도 김천시 율곡동,중상사고,0,1,0,0,차대사람 - 보도통행중,안전운전불이행,포장 - 건조,맑음,교차로 - 교차로안,화물,남,36세,상해없음,보행자,남,50세,중상
1644,2021112000100081,2021년 11월 20일 06시,토요일,경상북도 칠곡군 약목면,경상사고,0,0,1,0,차대사람 - 횡단중,보행자보호의무위반,포장 - 건조,맑음,교차로 - 교차로횡단보도내,승용,남,52세,상해없음,보행자,남,77세,경상